id_libro,titulo,descripcion,portada_url,stock,ISBN,id_editorial
1,La umbral en laberinto,"Una trama envolvente que mezcla drama, misterio y superacion personal. Un relato profundo sobre las relaciones humanas y el paso del tiempo.",https://covers.biblioteca.local/00001.jpg,1,978-1-151-86449-9,10
2,Salvaje Cielo,Un relato profundo sobre las relaciones humanas y el paso del tiempo. El autor construye un mundo lleno de detalles y matices inolvidables. Una historia que atrapa desde la primera pagina.,https://covers.biblioteca.local/00002.jpg,3,978-1-192-54629-3,17
3,El Destino en cronicas,Un clasico recomendado para lectores de todas las edades. El autor construye un mundo lleno de detalles y matices inolvidables. Una reflexion sobre la sociedad contemporanea contada con maestria.,https://covers.biblioteca.local/00003.jpg,1,978-1-86528-168-1,7
4,Prohibido Jardin,Un clasico recomendado para lectores de todas las edades. Un viaje narrativo que combina emocion e intriga en cada capitulo. Un relato profundo sobre las relaciones humanas y el paso del tiempo.,https://covers.biblioteca.local/00004.jpg,2,978-0-542-35733-6,30
5,La fuego y el bosque,Una historia que atrapa desde la primera pagina. Un texto imprescindible para comprender las tensiones de su tiempo.,https://covers.biblioteca.local/00005.jpg,1,978-0-14-188805-7,20
6,Bosque eterno,"Considerada una de las obras mas influyentes de su genero. La obra explora temas de identidad, perdida y esperanza.",https://covers.biblioteca.local/00006.jpg,1,978-1-222-92706-1,25
7,Puente infinito,El autor construye un mundo lleno de detalles y matices inolvidables. La narracion se despliega entre distintos escenarios y epocas.,https://covers.biblioteca.local/00007.jpg,3,978-0-7947-3834-1,7
8,Desierto infinito,Una historia que atrapa desde la primera pagina. Una reflexion sobre la sociedad contemporanea contada con maestria. Un viaje narrativo que combina emocion e intriga en cada capitulo.,https://covers.biblioteca.local/00008.jpg,1,978-0-597-74688-8,29
9,Secreto antiguo,La narracion se despliega entre distintos escenarios y epocas. Una reflexion sobre la sociedad contemporanea contada con maestria.,https://covers.biblioteca.local/00009.jpg,3,978-0-392-40758-8,35
10,La camino y el sueno,"Un relato profundo sobre las relaciones humanas y el paso del tiempo. Una trama envolvente que mezcla drama, misterio y superacion personal.",https://covers.biblioteca.local/00010.jpg,3,978-0-412-47826-0,6
11,Ultimo Camino,"Un viaje narrativo que combina emocion e intriga en cada capitulo. La obra explora temas de identidad, perdida y esperanza. Un clasico recomendado para lectores de todas las edades.",https://covers.biblioteca.local/00011.jpg,2,978-0-7506-0685-1,14
12,El Cielo del mar,Un viaje narrativo que combina emocion e intriga en cada capitulo. Una reflexion sobre la sociedad contemporanea contada con maestria.,https://covers.biblioteca.local/00012.jpg,2,978-1-153-05152-1,10
13,El Sueno del castillo,"La obra explora temas de identidad, perdida y esperanza. Un relato profundo sobre las relaciones humanas y el paso del tiempo. Una historia que atrapa desde la primera pagina.",https://covers.biblioteca.local/00013.jpg,2,978-0-472-77901-7,9
14,El Puente del mar,"Una historia que atrapa desde la primera pagina. La obra explora temas de identidad, perdida y esperanza. Los personajes enfrentan decisiones que cambiaran su destino para siempre.",https://covers.biblioteca.local/00014.jpg,1,978-1-328-98614-6,4
15,Infinito Corazon,Un texto imprescindible para comprender las tensiones de su tiempo. Un relato profundo sobre las relaciones humanas y el paso del tiempo.,https://covers.biblioteca.local/00015.jpg,1,978-1-103-69711-3,31
16,Puente sagrado,"Una trama envolvente que mezcla drama, misterio y superacion personal. Considerada una de las obras mas influyentes de su genero.",https://covers.biblioteca.local/00016.jpg,1,978-0-89324-609-9,15
17,El Cronicas sin espejo,La narracion se despliega entre distintos escenarios y epocas. Una historia que atrapa desde la primera pagina. Un texto imprescindible para comprender las tensiones de su tiempo.,https://covers.biblioteca.local/00017.jpg,1,978-0-9621851-8-2,31
18,Silencio eterno,"Un texto imprescindible para comprender las tensiones de su tiempo. Una trama envolvente que mezcla drama, misterio y superacion personal. Un relato profundo sobre las relaciones humanas y el paso del tiempo.",https://covers.biblioteca.local/00018.jpg,3,978-1-70654-051-9,6
19,La desierto del rio,Los personajes enfrentan decisiones que cambiaran su destino para siempre. Un clasico recomendado para lectores de todas las edades.,https://covers.biblioteca.local/00019.jpg,3,978-0-19-520585-5,38
20,La horizonte sin corazon,"Una trama envolvente que mezcla drama, misterio y superacion personal. Considerada una de las obras mas influyentes de su genero. Un clasico recomendado para lectores de todas las edades.",https://covers.biblioteca.local/00020.jpg,1,978-1-72217-043-1,28
21,El Legado de fuego,"El autor construye un mundo lleno de detalles y matices inolvidables. Una trama envolvente que mezcla drama, misterio y superacion personal.",https://covers.biblioteca.local/00021.jpg,1,978-0-05-486874-0,15
22,Laberinto escondido,El autor construye un mundo lleno de detalles y matices inolvidables. Un relato profundo sobre las relaciones humanas y el paso del tiempo. Una reflexion sobre la sociedad contemporanea contada con maestria.,https://covers.biblioteca.local/00022.jpg,3,978-0-450-54156-8,28
23,La cronicas en puente,"La narracion se despliega entre distintos escenarios y epocas. Una trama envolvente que mezcla drama, misterio y superacion personal.",https://covers.biblioteca.local/00023.jpg,1,978-1-65277-584-3,5
24,El Rio de silencio,Un texto imprescindible para comprender las tensiones de su tiempo. Una reflexion sobre la sociedad contemporanea contada con maestria.,https://covers.biblioteca.local/00024.jpg,1,978-1-169-28451-7,9
25,El Mar sin cielo,La narracion se despliega entre distintos escenarios y epocas. Un relato profundo sobre las relaciones humanas y el paso del tiempo. El autor construye un mundo lleno de detalles y matices inolvidables.,https://covers.biblioteca.local/00025.jpg,1,978-1-4479-6275-5,23
26,Camino lejano,Una reflexion sobre la sociedad contemporanea contada con maestria. Un relato profundo sobre las relaciones humanas y el paso del tiempo. Un clasico recomendado para lectores de todas las edades.,https://covers.biblioteca.local/00026.jpg,3,978-0-596-40165-8,33
27,Perdido Cronicas,Un viaje narrativo que combina emocion e intriga en cada capitulo. Un relato profundo sobre las relaciones humanas y el paso del tiempo. Una reflexion sobre la sociedad contemporanea contada con maestria.,https://covers.biblioteca.local/00027.jpg,2,978-0-297-02135-3,36
28,La bosque en mar,El autor construye un mundo lleno de detalles y matices inolvidables. Considerada una de las obras mas influyentes de su genero.,https://covers.biblioteca.local/00028.jpg,2,978-1-909275-57-7,40
29,El Desierto tras legado,"Una historia que atrapa desde la primera pagina. La obra explora temas de identidad, perdida y esperanza. Los personajes enfrentan decisiones que cambiaran su destino para siempre.",https://covers.biblioteca.local/00029.jpg,1,978-0-85654-310-4,20
30,La puente de reino,Un clasico recomendado para lectores de todas las edades. La narracion se despliega entre distintos escenarios y epocas.,https://covers.biblioteca.local/00030.jpg,3,978-1-86814-473-0,26
31,El Castillo tras fuego,Un relato profundo sobre las relaciones humanas y el paso del tiempo. Considerada una de las obras mas influyentes de su genero.,https://covers.biblioteca.local/00031.jpg,2,978-1-312-17271-5,14
32,Silencio escondido,"La obra explora temas de identidad, perdida y esperanza. Una reflexion sobre la sociedad contemporanea contada con maestria. Los personajes enfrentan decisiones que cambiaran su destino para siempre.",https://covers.biblioteca.local/00032.jpg,1,978-1-188-44225-7,21
33,El Camino del reino,La narracion se despliega entre distintos escenarios y epocas. Un relato profundo sobre las relaciones humanas y el paso del tiempo.,https://covers.biblioteca.local/00033.jpg,2,978-0-323-70589-9,18
34,Cronicas infinito,"Un clasico recomendado para lectores de todas las edades. Una trama envolvente que mezcla drama, misterio y superacion personal. El autor construye un mundo lleno de detalles y matices inolvidables.",https://covers.biblioteca.local/00034.jpg,2,978-1-82911-467-3,18
35,Sagrado Bosque,El autor construye un mundo lleno de detalles y matices inolvidables. Un relato profundo sobre las relaciones humanas y el paso del tiempo. Los personajes enfrentan decisiones que cambiaran su destino para siempre.,https://covers.biblioteca.local/00035.jpg,1,978-1-912517-78-7,38
36,Corazon lejano,Un viaje narrativo que combina emocion e intriga en cada capitulo. El autor construye un mundo lleno de detalles y matices inolvidables.,https://covers.biblioteca.local/00036.jpg,3,978-0-89226-801-6,39
37,El Jardin del espejo,"La obra explora temas de identidad, perdida y esperanza. Los personajes enfrentan decisiones que cambiaran su destino para siempre.",https://covers.biblioteca.local/00037.jpg,3,978-1-225-35841-1,19
38,La bosque de umbral,"La obra explora temas de identidad, perdida y esperanza. Un texto imprescindible para comprender las tensiones de su tiempo. El autor construye un mundo lleno de detalles y matices inolvidables.",https://covers.biblioteca.local/00038.jpg,1,978-0-8424-9818-0,35
39,Sagrado Cielo,Un relato profundo sobre las relaciones humanas y el paso del tiempo. El autor construye un mundo lleno de detalles y matices inolvidables. Una historia que atrapa desde la primera pagina.,https://covers.biblioteca.local/00039.jpg,4,978-0-299-59001-7,28
40,El Destino de laberinto,Un clasico recomendado para lectores de todas las edades. El autor construye un mundo lleno de detalles y matices inolvidables. La narracion se despliega entre distintos escenarios y epocas.,https://covers.biblioteca.local/00040.jpg,2,978-1-396-90784-5,19
41,El Horizonte de laberinto,"Un clasico recomendado para lectores de todas las edades. Una trama envolvente que mezcla drama, misterio y superacion personal.",https://covers.biblioteca.local/00041.jpg,1,978-1-364-71027-9,24
42,El Silencio de secreto,Un clasico recomendado para lectores de todas las edades. El autor construye un mundo lleno de detalles y matices inolvidables. Considerada una de las obras mas influyentes de su genero.,https://covers.biblioteca.local/00042.jpg,2,978-1-7359255-5-4,6
43,Espejo profundo,"Una reflexion sobre la sociedad contemporanea contada con maestria. La obra explora temas de identidad, perdida y esperanza.",https://covers.biblioteca.local/00043.jpg,2,978-0-588-15371-8,5
44,El Corazon sin viaje,"Una reflexion sobre la sociedad contemporanea contada con maestria. La narracion se despliega entre distintos escenarios y epocas. La obra explora temas de identidad, perdida y esperanza.",https://covers.biblioteca.local/00044.jpg,3,978-1-321-04696-0,16
45,El Castillo en viaje,"Un clasico recomendado para lectores de todas las edades. La obra explora temas de identidad, perdida y esperanza.",https://covers.biblioteca.local/00045.jpg,1,978-0-595-32787-4,5
46,Prohibido Destino,La narracion se despliega entre distintos escenarios y epocas. Un clasico recomendado para lectores de todas las edades. Un texto imprescindible para comprender las tensiones de su tiempo.,https://covers.biblioteca.local/00046.jpg,1,978-1-70168-733-2,21
47,La castillo y el rio,"Una trama envolvente que mezcla drama, misterio y superacion personal. La narracion se despliega entre distintos escenarios y epocas. Los personajes enfrentan decisiones que cambiaran su destino para siempre.",https://covers.biblioteca.local/00047.jpg,1,978-0-04-797480-9,18
48,El Puente sin rio,"Una trama envolvente que mezcla drama, misterio y superacion personal. Un texto imprescindible para comprender las tensiones de su tiempo. Una historia que atrapa desde la primera pagina.",https://covers.biblioteca.local/00048.jpg,4,978-1-245-65060-1,4
49,La espejo de fuego,Un clasico recomendado para lectores de todas las edades. Un texto imprescindible para comprender las tensiones de su tiempo.,https://covers.biblioteca.local/00049.jpg,3,978-1-84168-784-1,33
50,Destino oscuro,Un clasico recomendado para lectores de todas las edades. La narracion se despliega entre distintos escenarios y epocas. Un viaje narrativo que combina emocion e intriga en cada capitulo.,https://covers.biblioteca.local/00050.jpg,3,978-0-16-558523-9,21
51,Corazon perdido,"Una trama envolvente que mezcla drama, misterio y superacion personal. Un relato profundo sobre las relaciones humanas y el paso del tiempo.",https://covers.biblioteca.local/00051.jpg,1,978-0-00-257872-1,22
52,El Corazon tras reino,"Un viaje narrativo que combina emocion e intriga en cada capitulo. Una trama envolvente que mezcla drama, misterio y superacion personal.",https://covers.biblioteca.local/00052.jpg,3,978-1-952694-95-0,29
53,Antiguo Puente,El autor construye un mundo lleno de detalles y matices inolvidables. Un texto imprescindible para comprender las tensiones de su tiempo. Una reflexion sobre la sociedad contemporanea contada con maestria.,https://covers.biblioteca.local/00053.jpg,1,978-1-70551-694-2,39
54,El Fuego tras laberinto,Una reflexion sobre la sociedad contemporanea contada con maestria. Un relato profundo sobre las relaciones humanas y el paso del tiempo.,https://covers.biblioteca.local/00054.jpg,4,978-1-4993-0972-0,36
55,Espejo invisible,Una reflexion sobre la sociedad contemporanea contada con maestria. Un relato profundo sobre las relaciones humanas y el paso del tiempo.,https://covers.biblioteca.local/00055.jpg,2,978-0-309-13075-2,38
56,Antiguo Espejo,"La obra explora temas de identidad, perdida y esperanza. Un clasico recomendado para lectores de todas las edades. Un relato profundo sobre las relaciones humanas y el paso del tiempo.",https://covers.biblioteca.local/00056.jpg,5,978-0-636-89702-1,20
57,Fuego profundo,La narracion se despliega entre distintos escenarios y epocas. Un texto imprescindible para comprender las tensiones de su tiempo.,https://covers.biblioteca.local/00057.jpg,3,978-1-78652-785-1,34
58,El Fuego tras silencio,Una historia que atrapa desde la primera pagina. Una reflexion sobre la sociedad contemporanea contada con maestria. Los personajes enfrentan decisiones que cambiaran su destino para siempre.,https://covers.biblioteca.local/00058.jpg,5,978-1-9733-4843-6,12
59,Profundo Umbral,"Un viaje narrativo que combina emocion e intriga en cada capitulo. La obra explora temas de identidad, perdida y esperanza.",https://covers.biblioteca.local/00059.jpg,3,978-1-375-75844-4,10
60,El Espejo de corazon,La narracion se despliega entre distintos escenarios y epocas. Una reflexion sobre la sociedad contemporanea contada con maestria.,https://covers.biblioteca.local/00060.jpg,2,978-1-65240-415-6,40
61,Salvaje Castillo,"La obra explora temas de identidad, perdida y esperanza. Un clasico recomendado para lectores de todas las edades.",https://covers.biblioteca.local/00061.jpg,2,978-1-7338484-2-8,11
62,Camino infinito,"La narracion se despliega entre distintos escenarios y epocas. Un viaje narrativo que combina emocion e intriga en cada capitulo. Una trama envolvente que mezcla drama, misterio y superacion personal.",https://covers.biblioteca.local/00062.jpg,5,978-0-308-33016-0,40
63,La destino del cielo,"Los personajes enfrentan decisiones que cambiaran su destino para siempre. Una trama envolvente que mezcla drama, misterio y superacion personal.",https://covers.biblioteca.local/00063.jpg,1,978-1-120-82677-0,13
64,La cronicas sin destino,Los personajes enfrentan decisiones que cambiaran su destino para siempre. El autor construye un mundo lleno de detalles y matices inolvidables. Considerada una de las obras mas influyentes de su genero.,https://covers.biblioteca.local/00064.jpg,1,978-1-5401-9380-3,34
65,Reino roto,Los personajes enfrentan decisiones que cambiaran su destino para siempre. Una historia que atrapa desde la primera pagina.,https://covers.biblioteca.local/00065.jpg,1,978-1-206-72400-6,31
66,La cielo de legado,Los personajes enfrentan decisiones que cambiaran su destino para siempre. Un relato profundo sobre las relaciones humanas y el paso del tiempo.,https://covers.biblioteca.local/00066.jpg,1,978-0-547-88728-9,11
67,La destino sin castillo,"Un relato profundo sobre las relaciones humanas y el paso del tiempo. Un viaje narrativo que combina emocion e intriga en cada capitulo. Una trama envolvente que mezcla drama, misterio y superacion personal.",https://covers.biblioteca.local/00067.jpg,4,978-1-315-27420-1,23
68,El Silencio de horizonte,Un viaje narrativo que combina emocion e intriga en cada capitulo. El autor construye un mundo lleno de detalles y matices inolvidables. Un relato profundo sobre las relaciones humanas y el paso del tiempo.,https://covers.biblioteca.local/00068.jpg,3,978-1-932966-85-5,24
69,Ultimo Laberinto,Un texto imprescindible para comprender las tensiones de su tiempo. La narracion se despliega entre distintos escenarios y epocas.,https://covers.biblioteca.local/00069.jpg,1,978-1-122-75304-3,22
70,Perdido Camino,"Una trama envolvente que mezcla drama, misterio y superacion personal. La obra explora temas de identidad, perdida y esperanza. Un texto imprescindible para comprender las tensiones de su tiempo.",https://covers.biblioteca.local/00070.jpg,2,978-0-7454-9904-8,29
71,El Rio de sueno,"La obra explora temas de identidad, perdida y esperanza. Considerada una de las obras mas influyentes de su genero.",https://covers.biblioteca.local/00071.jpg,3,978-0-01-742684-0,39
72,Bosque lejano,Los personajes enfrentan decisiones que cambiaran su destino para siempre. Un relato profundo sobre las relaciones humanas y el paso del tiempo.,https://covers.biblioteca.local/00072.jpg,2,978-1-59332-727-9,4
73,Infinito Fuego,"Un relato profundo sobre las relaciones humanas y el paso del tiempo. Un texto imprescindible para comprender las tensiones de su tiempo. Una trama envolvente que mezcla drama, misterio y superacion personal.",https://covers.biblioteca.local/00073.jpg,3,978-1-878339-18-8,39
74,El Fuego sin mar,"Un texto imprescindible para comprender las tensiones de su tiempo. La obra explora temas de identidad, perdida y esperanza.",https://covers.biblioteca.local/00074.jpg,3,978-1-191-08839-8,19
75,Jardin antiguo,Un clasico recomendado para lectores de todas las edades. El autor construye un mundo lleno de detalles y matices inolvidables.,https://covers.biblioteca.local/00075.jpg,2,978-0-587-13971-3,12
76,El Corazon en rio,"El autor construye un mundo lleno de detalles y matices inolvidables. Una trama envolvente que mezcla drama, misterio y superacion personal.",https://covers.biblioteca.local/00076.jpg,3,978-0-7286-7908-5,3
77,Puente invisible,Una reflexion sobre la sociedad contemporanea contada con maestria. Un relato profundo sobre las relaciones humanas y el paso del tiempo.,https://covers.biblioteca.local/00077.jpg,2,978-1-06-403910-6,23
78,Eterno Mar,"La obra explora temas de identidad, perdida y esperanza. Una historia que atrapa desde la primera pagina. Una reflexion sobre la sociedad contemporanea contada con maestria.",https://covers.biblioteca.local/00078.jpg,2,978-1-180-17046-2,35
79,La fuego del cronicas,"Un texto imprescindible para comprender las tensiones de su tiempo. Una trama envolvente que mezcla drama, misterio y superacion personal. La obra explora temas de identidad, perdida y esperanza.",https://covers.biblioteca.local/00079.jpg,1,978-0-656-76618-5,9
80,El Legado y el camino,Un viaje narrativo que combina emocion e intriga en cada capitulo. Una historia que atrapa desde la primera pagina. Un texto imprescindible para comprender las tensiones de su tiempo.,https://covers.biblioteca.local/00080.jpg,2,978-1-128-68230-9,3
81,La espejo sin horizonte,Los personajes enfrentan decisiones que cambiaran su destino para siempre. Una historia que atrapa desde la primera pagina. Un viaje narrativo que combina emocion e intriga en cada capitulo.,https://covers.biblioteca.local/00081.jpg,3,978-1-78686-337-9,19
82,La camino tras laberinto,Un relato profundo sobre las relaciones humanas y el paso del tiempo. Una reflexion sobre la sociedad contemporanea contada con maestria. El autor construye un mundo lleno de detalles y matices inolvidables.,https://covers.biblioteca.local/00082.jpg,3,978-0-431-06903-6,26
83,Horizonte profundo,"Una trama envolvente que mezcla drama, misterio y superacion personal. Un texto imprescindible para comprender las tensiones de su tiempo.",https://covers.biblioteca.local/00083.jpg,2,978-0-19-079030-1,24
84,La rio tras silencio,El autor construye un mundo lleno de detalles y matices inolvidables. Un clasico recomendado para lectores de todas las edades.,https://covers.biblioteca.local/00084.jpg,5,978-1-383-02843-0,12
85,La laberinto de rio,La narracion se despliega entre distintos escenarios y epocas. Los personajes enfrentan decisiones que cambiaran su destino para siempre. Un texto imprescindible para comprender las tensiones de su tiempo.,https://covers.biblioteca.local/00085.jpg,2,978-1-342-83644-1,29
86,Reino escondido,"Una trama envolvente que mezcla drama, misterio y superacion personal. Una historia que atrapa desde la primera pagina. Una reflexion sobre la sociedad contemporanea contada con maestria.",https://covers.biblioteca.local/00086.jpg,2,978-0-687-05685-9,40
87,Sueno oscuro,La narracion se despliega entre distintos escenarios y epocas. Un texto imprescindible para comprender las tensiones de su tiempo.,https://covers.biblioteca.local/00087.jpg,1,978-1-246-28733-2,26
88,La corazon tras cronicas,"Una historia que atrapa desde la primera pagina. La obra explora temas de identidad, perdida y esperanza.",https://covers.biblioteca.local/00088.jpg,1,978-0-7086-6882-5,39
89,Camino perdido,Un viaje narrativo que combina emocion e intriga en cada capitulo. La narracion se despliega entre distintos escenarios y epocas.,https://covers.biblioteca.local/00089.jpg,4,978-0-435-17518-4,24
90,La horizonte sin camino,"La narracion se despliega entre distintos escenarios y epocas. Una trama envolvente que mezcla drama, misterio y superacion personal.",https://covers.biblioteca.local/00090.jpg,1,978-0-469-90139-1,24
91,La destino de mar,Considerada una de las obras mas influyentes de su genero. Una reflexion sobre la sociedad contemporanea contada con maestria.,https://covers.biblioteca.local/00091.jpg,2,978-1-354-03317-3,26
92,La fuego en secreto,"Una historia que atrapa desde la primera pagina. La obra explora temas de identidad, perdida y esperanza.",https://covers.biblioteca.local/00092.jpg,1,978-0-638-54678-1,32
93,Cielo eterno,"Los personajes enfrentan decisiones que cambiaran su destino para siempre. Una trama envolvente que mezcla drama, misterio y superacion personal. Un viaje narrativo que combina emocion e intriga en cada capitulo.",https://covers.biblioteca.local/00093.jpg,5,978-1-4587-7175-9,40
94,La legado y el viaje,"La obra explora temas de identidad, perdida y esperanza. Un relato profundo sobre las relaciones humanas y el paso del tiempo.",https://covers.biblioteca.local/00094.jpg,4,978-1-56093-204-8,29
95,Escondido Rio,La narracion se despliega entre distintos escenarios y epocas. Una reflexion sobre la sociedad contemporanea contada con maestria. Un relato profundo sobre las relaciones humanas y el paso del tiempo.,https://covers.biblioteca.local/00095.jpg,1,978-1-235-36937-7,36
96,La espejo del legado,Una reflexion sobre la sociedad contemporanea contada con maestria. Considerada una de las obras mas influyentes de su genero.,https://covers.biblioteca.local/00096.jpg,1,978-1-77725-228-1,15
97,El Viaje del secreto,Una historia que atrapa desde la primera pagina. Una reflexion sobre la sociedad contemporanea contada con maestria. Considerada una de las obras mas influyentes de su genero.,https://covers.biblioteca.local/00097.jpg,5,978-0-8080-1006-7,37
98,El Rio en horizonte 9,El autor construye un mundo lleno de detalles y matices inolvidables. Un clasico recomendado para lectores de todas las edades. Un relato profundo sobre las relaciones humanas y el paso del tiempo.,https://covers.biblioteca.local/00098.jpg,2,978-0-12-038750-2,9
99,La fuego de destino,La narracion se despliega entre distintos escenarios y epocas. Considerada una de las obras mas influyentes de su genero. Una reflexion sobre la sociedad contemporanea contada con maestria.,https://covers.biblioteca.local/00099.jpg,4,978-1-00-886008-7,9
100,Perdido Silencio,Un relato profundo sobre las relaciones humanas y el paso del tiempo. Considerada una de las obras mas influyentes de su genero.,https://covers.biblioteca.local/00100.jpg,3,978-1-08-621182-5,10
101,La reino del laberinto,Una reflexion sobre la sociedad contemporanea contada con maestria. Considerada una de las obras mas influyentes de su genero.,https://covers.biblioteca.local/00101.jpg,1,978-0-9845461-5-2,19
102,El Sueno del fuego,"La obra explora temas de identidad, perdida y esperanza. La narracion se despliega entre distintos escenarios y epocas. Los personajes enfrentan decisiones que cambiaran su destino para siempre.",https://covers.biblioteca.local/00102.jpg,2,978-1-933410-16-6,40
103,Silencioso Cronicas 7,Una historia que atrapa desde la primera pagina. Un relato profundo sobre las relaciones humanas y el paso del tiempo.,https://covers.biblioteca.local/00103.jpg,2,978-1-870021-76-0,3
104,La fuego del mar,Un clasico recomendado para lectores de todas las edades. La narracion se despliega entre distintos escenarios y epocas. Una historia que atrapa desde la primera pagina.,https://covers.biblioteca.local/00104.jpg,1,978-0-8033-9740-8,32
105,La fuego en umbral,La narracion se despliega entre distintos escenarios y epocas. El autor construye un mundo lleno de detalles y matices inolvidables.,https://covers.biblioteca.local/00105.jpg,2,978-1-890250-39-3,20
106,Rio oscuro,"Una trama envolvente que mezcla drama, misterio y superacion personal. El autor construye un mundo lleno de detalles y matices inolvidables.",https://covers.biblioteca.local/00106.jpg,1,978-1-142-93968-7,31
107,Viaje profundo,Una reflexion sobre la sociedad contemporanea contada con maestria. Un texto imprescindible para comprender las tensiones de su tiempo.,https://covers.biblioteca.local/00107.jpg,3,978-1-218-50163-3,23
108,Castillo antiguo,Una reflexion sobre la sociedad contemporanea contada con maestria. Un viaje narrativo que combina emocion e intriga en cada capitulo.,https://covers.biblioteca.local/00108.jpg,1,978-1-9996504-7-6,30
109,El Sueno y el secreto,Un relato profundo sobre las relaciones humanas y el paso del tiempo. Una historia que atrapa desde la primera pagina.,https://covers.biblioteca.local/00109.jpg,1,978-0-586-62961-1,19
110,Silencioso Laberinto 7,"La obra explora temas de identidad, perdida y esperanza. Una trama envolvente que mezcla drama, misterio y superacion personal.",https://covers.biblioteca.local/00110.jpg,4,978-0-11-426265-5,33
111,Umbral lejano,Una historia que atrapa desde la primera pagina. Un relato profundo sobre las relaciones humanas y el paso del tiempo. El autor construye un mundo lleno de detalles y matices inolvidables.,https://covers.biblioteca.local/00111.jpg,3,978-0-10-475412-2,33
112,Secreto roto,Una historia que atrapa desde la primera pagina. Un texto imprescindible para comprender las tensiones de su tiempo. Los personajes enfrentan decisiones que cambiaran su destino para siempre.,https://covers.biblioteca.local/00112.jpg,1,978-0-678-88610-6,32
113,Espejo ultimo,"El autor construye un mundo lleno de detalles y matices inolvidables. La obra explora temas de identidad, perdida y esperanza.",https://covers.biblioteca.local/00113.jpg,1,978-1-81995-604-7,17
114,La horizonte en camino,Una historia que atrapa desde la primera pagina. Un clasico recomendado para lectores de todas las edades. Considerada una de las obras mas influyentes de su genero.,https://covers.biblioteca.local/00114.jpg,5,978-1-183-98262-8,13
115,La cielo en rio,"Considerada una de las obras mas influyentes de su genero. Una trama envolvente que mezcla drama, misterio y superacion personal. Un texto imprescindible para comprender las tensiones de su tiempo.",https://covers.biblioteca.local/00115.jpg,3,978-1-4472-1264-5,18
116,El Castillo de horizonte,Una reflexion sobre la sociedad contemporanea contada con maestria. Considerada una de las obras mas influyentes de su genero. Un texto imprescindible para comprender las tensiones de su tiempo.,https://covers.biblioteca.local/00116.jpg,1,978-1-71543-799-2,10
117,Sagrado Horizonte,Una historia que atrapa desde la primera pagina. Un texto imprescindible para comprender las tensiones de su tiempo.,https://covers.biblioteca.local/00117.jpg,3,978-1-124-06596-0,9
118,La umbral sin destino,Un clasico recomendado para lectores de todas las edades. Considerada una de las obras mas influyentes de su genero.,https://covers.biblioteca.local/00118.jpg,2,978-1-56924-593-4,9
119,La desierto en reino,Un clasico recomendado para lectores de todas las edades. Los personajes enfrentan decisiones que cambiaran su destino para siempre. Un texto imprescindible para comprender las tensiones de su tiempo.,https://covers.biblioteca.local/00119.jpg,2,978-1-265-47935-0,22
120,Legado lejano,Una historia que atrapa desde la primera pagina. Una reflexion sobre la sociedad contemporanea contada con maestria. La narracion se despliega entre distintos escenarios y epocas.,https://covers.biblioteca.local/00120.jpg,1,978-1-65193-982-6,8
121,Mar lejano,"Un clasico recomendado para lectores de todas las edades. Una trama envolvente que mezcla drama, misterio y superacion personal.",https://covers.biblioteca.local/00121.jpg,2,978-1-374-16724-7,17
122,Oscuro Mar,"La obra explora temas de identidad, perdida y esperanza. Considerada una de las obras mas influyentes de su genero. Un clasico recomendado para lectores de todas las edades.",https://covers.biblioteca.local/00122.jpg,1,978-1-266-17979-2,25
123,Dorado Camino,Un viaje narrativo que combina emocion e intriga en cada capitulo. Una historia que atrapa desde la primera pagina.,https://covers.biblioteca.local/00123.jpg,2,978-1-80589-113-0,29
124,La silencio del silencio,El autor construye un mundo lleno de detalles y matices inolvidables. Considerada una de las obras mas influyentes de su genero.,https://covers.biblioteca.local/00124.jpg,2,978-0-909656-10-2,40
125,Profundo Cronicas 9,"Una reflexion sobre la sociedad contemporanea contada con maestria. La obra explora temas de identidad, perdida y esperanza. Una trama envolvente que mezcla drama, misterio y superacion personal.",https://covers.biblioteca.local/00125.jpg,1,978-1-388-89937-0,35
126,La cielo en cronicas,"Un clasico recomendado para lectores de todas las edades. Una trama envolvente que mezcla drama, misterio y superacion personal. Un viaje narrativo que combina emocion e intriga en cada capitulo.",https://covers.biblioteca.local/00126.jpg,1,978-1-79825-071-6,16
127,La cielo en secreto,"Los personajes enfrentan decisiones que cambiaran su destino para siempre. Un viaje narrativo que combina emocion e intriga en cada capitulo. Una trama envolvente que mezcla drama, misterio y superacion personal.",https://covers.biblioteca.local/00127.jpg,1,978-1-112-54573-3,21
128,La bosque sin cronicas 8,"Una reflexion sobre la sociedad contemporanea contada con maestria. La obra explora temas de identidad, perdida y esperanza. Los personajes enfrentan decisiones que cambiaran su destino para siempre.",https://covers.biblioteca.local/00128.jpg,1,978-1-71775-140-9,3
129,La legado de puente,"La narracion se despliega entre distintos escenarios y epocas. Los personajes enfrentan decisiones que cambiaran su destino para siempre. Una trama envolvente que mezcla drama, misterio y superacion personal.",https://covers.biblioteca.local/00129.jpg,2,978-0-512-38282-5,14
130,Invisible Cielo,"La obra explora temas de identidad, perdida y esperanza. Un relato profundo sobre las relaciones humanas y el paso del tiempo. Un clasico recomendado para lectores de todas las edades.",https://covers.biblioteca.local/00130.jpg,4,978-1-7362266-0-5,38
131,Dorado Camino 3,"Una reflexion sobre la sociedad contemporanea contada con maestria. Una trama envolvente que mezcla drama, misterio y superacion personal. Un relato profundo sobre las relaciones humanas y el paso del tiempo.",https://covers.biblioteca.local/00131.jpg,2,978-1-966033-41-7,9
132,El Cielo del silencio,"Una trama envolvente que mezcla drama, misterio y superacion personal. La narracion se despliega entre distintos escenarios y epocas. Un viaje narrativo que combina emocion e intriga en cada capitulo.",https://covers.biblioteca.local/00132.jpg,2,978-0-553-71478-4,19
133,La espejo tras camino,La narracion se despliega entre distintos escenarios y epocas. Un clasico recomendado para lectores de todas las edades.,https://covers.biblioteca.local/00133.jpg,4,978-1-969155-79-6,15
134,El Reino y el reino,"El autor construye un mundo lleno de detalles y matices inolvidables. Una trama envolvente que mezcla drama, misterio y superacion personal.",https://covers.biblioteca.local/00134.jpg,5,978-1-991251-34-3,12
135,La camino de espejo,Una reflexion sobre la sociedad contemporanea contada con maestria. Los personajes enfrentan decisiones que cambiaran su destino para siempre.,https://covers.biblioteca.local/00135.jpg,2,978-0-528-66929-3,30
136,Castillo sagrado,Los personajes enfrentan decisiones que cambiaran su destino para siempre. Un viaje narrativo que combina emocion e intriga en cada capitulo. Un relato profundo sobre las relaciones humanas y el paso del tiempo.,https://covers.biblioteca.local/00136.jpg,4,978-1-278-28274-9,22
137,Escondido Fuego,"Un texto imprescindible para comprender las tensiones de su tiempo. La obra explora temas de identidad, perdida y esperanza. Una historia que atrapa desde la primera pagina.",https://covers.biblioteca.local/00137.jpg,2,978-0-579-05072-9,22
138,La mar tras viaje,Un clasico recomendado para lectores de todas las edades. La narracion se despliega entre distintos escenarios y epocas.,https://covers.biblioteca.local/00138.jpg,4,978-1-887676-77-9,26
139,Corazon profundo,El autor construye un mundo lleno de detalles y matices inolvidables. La narracion se despliega entre distintos escenarios y epocas.,https://covers.biblioteca.local/00139.jpg,1,978-0-903404-38-9,7
140,Perdido Umbral,Un viaje narrativo que combina emocion e intriga en cada capitulo. Una historia que atrapa desde la primera pagina. Los personajes enfrentan decisiones que cambiaran su destino para siempre.,https://covers.biblioteca.local/00140.jpg,4,978-0-7978-8191-4,25
141,Escondido Sueno,Los personajes enfrentan decisiones que cambiaran su destino para siempre. Un clasico recomendado para lectores de todas las edades. La narracion se despliega entre distintos escenarios y epocas.,https://covers.biblioteca.local/00141.jpg,3,978-1-80783-613-9,1
142,La fuego en legado,Una historia que atrapa desde la primera pagina. La narracion se despliega entre distintos escenarios y epocas.,https://covers.biblioteca.local/00142.jpg,4,978-0-7451-7133-3,8
143,Espejo silencioso,La narracion se despliega entre distintos escenarios y epocas. Considerada una de las obras mas influyentes de su genero. Los personajes enfrentan decisiones que cambiaran su destino para siempre.,https://covers.biblioteca.local/00143.jpg,5,978-1-292-33095-2,8
144,La puente sin secreto,"La obra explora temas de identidad, perdida y esperanza. Una trama envolvente que mezcla drama, misterio y superacion personal.",https://covers.biblioteca.local/00144.jpg,5,978-0-544-94812-9,10
145,Desierto antiguo,"Un texto imprescindible para comprender las tensiones de su tiempo. Considerada una de las obras mas influyentes de su genero. Una trama envolvente que mezcla drama, misterio y superacion personal.",https://covers.biblioteca.local/00145.jpg,4,978-0-422-32536-3,35
146,Dorado Cronicas,"Considerada una de las obras mas influyentes de su genero. Una trama envolvente que mezcla drama, misterio y superacion personal.",https://covers.biblioteca.local/00146.jpg,4,978-0-946671-16-8,34
147,La rio sin bosque,Considerada una de las obras mas influyentes de su genero. Un texto imprescindible para comprender las tensiones de su tiempo.,https://covers.biblioteca.local/00147.jpg,2,978-1-77590-175-4,13
148,Silencioso Laberinto,Un relato profundo sobre las relaciones humanas y el paso del tiempo. La narracion se despliega entre distintos escenarios y epocas. Un viaje narrativo que combina emocion e intriga en cada capitulo.,https://covers.biblioteca.local/00148.jpg,1,978-1-363-74545-6,38
149,Rio sagrado,"Una historia que atrapa desde la primera pagina. Una trama envolvente que mezcla drama, misterio y superacion personal. La obra explora temas de identidad, perdida y esperanza.",https://covers.biblioteca.local/00149.jpg,4,978-1-5001-7012-7,33
150,Cronicas lejano 2,Los personajes enfrentan decisiones que cambiaran su destino para siempre. Una historia que atrapa desde la primera pagina. Un viaje narrativo que combina emocion e intriga en cada capitulo.,https://covers.biblioteca.local/00150.jpg,3,978-1-06-324241-5,38
151,El Camino y el puente,Considerada una de las obras mas influyentes de su genero. Una historia que atrapa desde la primera pagina.,https://covers.biblioteca.local/00151.jpg,1,978-1-152-06436-2,5
152,Reino perdido 8,"El autor construye un mundo lleno de detalles y matices inolvidables. Una trama envolvente que mezcla drama, misterio y superacion personal. Un texto imprescindible para comprender las tensiones de su tiempo.",https://covers.biblioteca.local/00152.jpg,3,978-0-03-712938-7,25
153,El Cronicas tras cielo,La narracion se despliega entre distintos escenarios y epocas. Una reflexion sobre la sociedad contemporanea contada con maestria.,https://covers.biblioteca.local/00153.jpg,5,978-0-05-162713-5,8
154,Salvaje Corazon,Un texto imprescindible para comprender las tensiones de su tiempo. Un viaje narrativo que combina emocion e intriga en cada capitulo.,https://covers.biblioteca.local/00154.jpg,3,978-0-11-554262-6,1
155,El Espejo y el cronicas,Considerada una de las obras mas influyentes de su genero. El autor construye un mundo lleno de detalles y matices inolvidables. Un viaje narrativo que combina emocion e intriga en cada capitulo.,https://covers.biblioteca.local/00155.jpg,5,978-0-89092-753-3,16
156,Puente perdido,Un viaje narrativo que combina emocion e intriga en cada capitulo. Un relato profundo sobre las relaciones humanas y el paso del tiempo. Una historia que atrapa desde la primera pagina.,https://covers.biblioteca.local/00156.jpg,1,978-1-9731-1219-8,27
157,El Secreto del rio,Un clasico recomendado para lectores de todas las edades. Una historia que atrapa desde la primera pagina.,https://covers.biblioteca.local/00157.jpg,5,978-1-65234-138-3,29
158,El Secreto tras camino,"Una trama envolvente que mezcla drama, misterio y superacion personal. Un viaje narrativo que combina emocion e intriga en cada capitulo. Considerada una de las obras mas influyentes de su genero.",https://covers.biblioteca.local/00158.jpg,2,978-0-438-98364-9,14
159,El Castillo sin espejo,Un texto imprescindible para comprender las tensiones de su tiempo. Un clasico recomendado para lectores de todas las edades.,https://covers.biblioteca.local/00159.jpg,2,978-0-7613-7918-8,21
160,La secreto en castillo,El autor construye un mundo lleno de detalles y matices inolvidables. Los personajes enfrentan decisiones que cambiaran su destino para siempre.,https://covers.biblioteca.local/00160.jpg,2,978-1-5269-6582-0,18
161,El Cielo sin reino,"Considerada una de las obras mas influyentes de su genero. Una trama envolvente que mezcla drama, misterio y superacion personal. Una historia que atrapa desde la primera pagina.",https://covers.biblioteca.local/00161.jpg,1,978-0-09-104300-1,23
162,Silencio perdido 6,"La obra explora temas de identidad, perdida y esperanza. Considerada una de las obras mas influyentes de su genero. Una trama envolvente que mezcla drama, misterio y superacion personal.",https://covers.biblioteca.local/00162.jpg,5,978-1-86661-889-9,16
163,Lejano Legado,"Una trama envolvente que mezcla drama, misterio y superacion personal. Una historia que atrapa desde la primera pagina.",https://covers.biblioteca.local/00163.jpg,1,978-1-141-83285-9,36
164,Silencio sagrado,El autor construye un mundo lleno de detalles y matices inolvidables. Un viaje narrativo que combina emocion e intriga en cada capitulo.,https://covers.biblioteca.local/00164.jpg,4,978-0-463-03161-2,17
165,Profundo Fuego,"Una trama envolvente que mezcla drama, misterio y superacion personal. Una reflexion sobre la sociedad contemporanea contada con maestria.",https://covers.biblioteca.local/00165.jpg,1,978-0-421-02027-6,6
166,Oscuro Sueno,La narracion se despliega entre distintos escenarios y epocas. Un clasico recomendado para lectores de todas las edades. Un texto imprescindible para comprender las tensiones de su tiempo.,https://covers.biblioteca.local/00166.jpg,3,978-1-252-41056-4,3
167,El Viaje sin cronicas,"Una trama envolvente que mezcla drama, misterio y superacion personal. Un viaje narrativo que combina emocion e intriga en cada capitulo.",https://covers.biblioteca.local/00167.jpg,4,978-0-491-77850-3,22
168,La jardin del viaje,"Un texto imprescindible para comprender las tensiones de su tiempo. Una trama envolvente que mezcla drama, misterio y superacion personal.",https://covers.biblioteca.local/00168.jpg,3,978-0-524-19138-5,16
169,Salvaje Secreto,"Los personajes enfrentan decisiones que cambiaran su destino para siempre. El autor construye un mundo lleno de detalles y matices inolvidables. Una trama envolvente que mezcla drama, misterio y superacion personal.",https://covers.biblioteca.local/00169.jpg,2,978-0-03-075622-1,35
170,La espejo en puente,"Una trama envolvente que mezcla drama, misterio y superacion personal. Un relato profundo sobre las relaciones humanas y el paso del tiempo. Un texto imprescindible para comprender las tensiones de su tiempo.",https://covers.biblioteca.local/00170.jpg,1,978-1-353-65419-5,21
171,Antiguo Laberinto,Una historia que atrapa desde la primera pagina. Un clasico recomendado para lectores de todas las edades. Un viaje narrativo que combina emocion e intriga en cada capitulo.,https://covers.biblioteca.local/00171.jpg,2,978-0-8023-8061-6,10
172,El Sueno sin mar,"Los personajes enfrentan decisiones que cambiaran su destino para siempre. La obra explora temas de identidad, perdida y esperanza. Un viaje narrativo que combina emocion e intriga en cada capitulo.",https://covers.biblioteca.local/00172.jpg,2,978-1-4518-7053-4,22
173,Salvaje Mar,"Una trama envolvente que mezcla drama, misterio y superacion personal. Considerada una de las obras mas influyentes de su genero.",https://covers.biblioteca.local/00173.jpg,4,978-1-937597-38-2,22
174,La umbral tras fuego,"Una trama envolvente que mezcla drama, misterio y superacion personal. La obra explora temas de identidad, perdida y esperanza. Una reflexion sobre la sociedad contemporanea contada con maestria.",https://covers.biblioteca.local/00174.jpg,1,978-0-06-038505-7,11
175,Prohibido Reino,Considerada una de las obras mas influyentes de su genero. Una historia que atrapa desde la primera pagina.,https://covers.biblioteca.local/00175.jpg,1,978-1-4138-3670-7,5
176,El Jardin y el castillo,"Un relato profundo sobre las relaciones humanas y el paso del tiempo. La obra explora temas de identidad, perdida y esperanza.",https://covers.biblioteca.local/00176.jpg,3,978-1-103-86571-0,1
177,Sagrado Destino,Una historia que atrapa desde la primera pagina. Un clasico recomendado para lectores de todas las edades. La narracion se despliega entre distintos escenarios y epocas.,https://covers.biblioteca.local/00177.jpg,3,978-0-619-90623-8,31
178,Jardin ultimo,Una historia que atrapa desde la primera pagina. Un texto imprescindible para comprender las tensiones de su tiempo. Considerada una de las obras mas influyentes de su genero.,https://covers.biblioteca.local/00178.jpg,1,978-1-56557-431-1,18
179,La jardin sin legado,"La obra explora temas de identidad, perdida y esperanza. Un relato profundo sobre las relaciones humanas y el paso del tiempo. La narracion se despliega entre distintos escenarios y epocas.",https://covers.biblioteca.local/00179.jpg,1,978-0-912127-75-0,34
180,Dorado Viaje,Una reflexion sobre la sociedad contemporanea contada con maestria. Los personajes enfrentan decisiones que cambiaran su destino para siempre. El autor construye un mundo lleno de detalles y matices inolvidables.,https://covers.biblioteca.local/00180.jpg,1,978-0-85374-741-3,6
181,La horizonte y el mar,Un texto imprescindible para comprender las tensiones de su tiempo. Un viaje narrativo que combina emocion e intriga en cada capitulo.,https://covers.biblioteca.local/00181.jpg,4,978-0-490-35213-1,20
182,El Fuego tras camino,El autor construye un mundo lleno de detalles y matices inolvidables. Un texto imprescindible para comprender las tensiones de su tiempo.,https://covers.biblioteca.local/00182.jpg,2,978-1-80442-067-6,25
183,Camino ultimo,"Un relato profundo sobre las relaciones humanas y el paso del tiempo. Una trama envolvente que mezcla drama, misterio y superacion personal.",https://covers.biblioteca.local/00183.jpg,3,978-0-7121-0032-8,28
184,La mar de corazon,Un viaje narrativo que combina emocion e intriga en cada capitulo. Un texto imprescindible para comprender las tensiones de su tiempo.,https://covers.biblioteca.local/00184.jpg,3,978-1-5199-4101-5,37
185,El Cronicas en cielo 2,Una reflexion sobre la sociedad contemporanea contada con maestria. Una historia que atrapa desde la primera pagina.,https://covers.biblioteca.local/00185.jpg,3,978-1-215-10702-9,14
186,Salvaje Rio,"La obra explora temas de identidad, perdida y esperanza. Un clasico recomendado para lectores de todas las edades. Un viaje narrativo que combina emocion e intriga en cada capitulo.",https://covers.biblioteca.local/00186.jpg,1,978-1-70662-532-2,37
187,Cronicas profundo,"Un texto imprescindible para comprender las tensiones de su tiempo. La obra explora temas de identidad, perdida y esperanza. Un relato profundo sobre las relaciones humanas y el paso del tiempo.",https://covers.biblioteca.local/00187.jpg,3,978-1-72099-934-8,33
188,La camino de silencio,Un relato profundo sobre las relaciones humanas y el paso del tiempo. Una reflexion sobre la sociedad contemporanea contada con maestria.,https://covers.biblioteca.local/00188.jpg,3,978-1-870146-26-5,39
189,Laberinto ultimo,"Una trama envolvente que mezcla drama, misterio y superacion personal. Un texto imprescindible para comprender las tensiones de su tiempo. Un viaje narrativo que combina emocion e intriga en cada capitulo.",https://covers.biblioteca.local/00189.jpg,1,978-0-8065-7875-0,23
190,Silencio silencioso,Un relato profundo sobre las relaciones humanas y el paso del tiempo. Un clasico recomendado para lectores de todas las edades. Los personajes enfrentan decisiones que cambiaran su destino para siempre.,https://covers.biblioteca.local/00190.jpg,1,978-1-4205-9304-4,16
191,El Rio en castillo,"Un texto imprescindible para comprender las tensiones de su tiempo. La narracion se despliega entre distintos escenarios y epocas. La obra explora temas de identidad, perdida y esperanza.",https://covers.biblioteca.local/00191.jpg,2,978-1-85932-133-1,25
192,La puente de rio,"Los personajes enfrentan decisiones que cambiaran su destino para siempre. Una trama envolvente que mezcla drama, misterio y superacion personal.",https://covers.biblioteca.local/00192.jpg,1,978-0-396-52239-3,24
193,La bosque del rio,"El autor construye un mundo lleno de detalles y matices inolvidables. Una trama envolvente que mezcla drama, misterio y superacion personal.",https://covers.biblioteca.local/00193.jpg,2,978-1-905992-93-5,36
194,Bosque ultimo,Una reflexion sobre la sociedad contemporanea contada con maestria. Considerada una de las obras mas influyentes de su genero.,https://covers.biblioteca.local/00194.jpg,1,978-1-270-10393-6,6
195,La horizonte de espejo,El autor construye un mundo lleno de detalles y matices inolvidables. Un relato profundo sobre las relaciones humanas y el paso del tiempo. Considerada una de las obras mas influyentes de su genero.,https://covers.biblioteca.local/00195.jpg,2,978-1-05-932525-2,16
196,Salvaje Reino,Los personajes enfrentan decisiones que cambiaran su destino para siempre. Un texto imprescindible para comprender las tensiones de su tiempo.,https://covers.biblioteca.local/00196.jpg,3,978-0-292-18515-9,18
197,Castillo secreto,El autor construye un mundo lleno de detalles y matices inolvidables. Los personajes enfrentan decisiones que cambiaran su destino para siempre.,https://covers.biblioteca.local/00197.jpg,1,978-0-545-22675-2,27
198,La umbral de puente,"Un viaje narrativo que combina emocion e intriga en cada capitulo. La narracion se despliega entre distintos escenarios y epocas. Una trama envolvente que mezcla drama, misterio y superacion personal.",https://covers.biblioteca.local/00198.jpg,1,978-1-392-64422-5,39
199,Escondido Bosque,Los personajes enfrentan decisiones que cambiaran su destino para siempre. Una historia que atrapa desde la primera pagina.,https://covers.biblioteca.local/00199.jpg,1,978-1-902959-39-9,26
200,La desierto y el laberinto,Una reflexion sobre la sociedad contemporanea contada con maestria. El autor construye un mundo lleno de detalles y matices inolvidables. Un clasico recomendado para lectores de todas las edades.,https://covers.biblioteca.local/00200.jpg,1,978-1-251-35521-7,9
201,La laberinto sin legado,"Una trama envolvente que mezcla drama, misterio y superacion personal. Una reflexion sobre la sociedad contemporanea contada con maestria.",https://covers.biblioteca.local/00201.jpg,1,978-1-04-331541-2,12
202,Laberinto lejano,Un clasico recomendado para lectores de todas las edades. Un viaje narrativo que combina emocion e intriga en cada capitulo. Una reflexion sobre la sociedad contemporanea contada con maestria.,https://covers.biblioteca.local/00202.jpg,1,978-0-676-26765-5,25
203,La horizonte en bosque,Un clasico recomendado para lectores de todas las edades. Considerada una de las obras mas influyentes de su genero.,https://covers.biblioteca.local/00203.jpg,3,978-0-7932-7104-7,12
204,El Destino tras viaje,Los personajes enfrentan decisiones que cambiaran su destino para siempre. Un relato profundo sobre las relaciones humanas y el paso del tiempo. El autor construye un mundo lleno de detalles y matices inolvidables.,https://covers.biblioteca.local/00204.jpg,4,978-1-4115-2621-1,32
205,Lejano Secreto,"La narracion se despliega entre distintos escenarios y epocas. La obra explora temas de identidad, perdida y esperanza. El autor construye un mundo lleno de detalles y matices inolvidables.",https://covers.biblioteca.local/00205.jpg,3,978-1-997062-96-7,25
206,El Destino sin umbral,Considerada una de las obras mas influyentes de su genero. Un texto imprescindible para comprender las tensiones de su tiempo. El autor construye un mundo lleno de detalles y matices inolvidables.,https://covers.biblioteca.local/00206.jpg,1,978-0-15-336884-4,35
207,El Puente tras cielo,Un relato profundo sobre las relaciones humanas y el paso del tiempo. Un viaje narrativo que combina emocion e intriga en cada capitulo.,https://covers.biblioteca.local/00207.jpg,2,978-1-310-69872-9,23
208,Laberinto infinito 3,Un relato profundo sobre las relaciones humanas y el paso del tiempo. Los personajes enfrentan decisiones que cambiaran su destino para siempre.,https://covers.biblioteca.local/00208.jpg,3,978-1-06-149731-2,15
209,Escondido Puente,"Una trama envolvente que mezcla drama, misterio y superacion personal. La narracion se despliega entre distintos escenarios y epocas. Un clasico recomendado para lectores de todas las edades.",https://covers.biblioteca.local/00209.jpg,2,978-0-241-71467-6,33
210,Antiguo Jardin,Un relato profundo sobre las relaciones humanas y el paso del tiempo. Los personajes enfrentan decisiones que cambiaran su destino para siempre. El autor construye un mundo lleno de detalles y matices inolvidables.,https://covers.biblioteca.local/00210.jpg,1,978-1-186-25652-8,6
211,El Castillo en espejo,"Una trama envolvente que mezcla drama, misterio y superacion personal. Un viaje narrativo que combina emocion e intriga en cada capitulo. Considerada una de las obras mas influyentes de su genero.",https://covers.biblioteca.local/00211.jpg,2,978-0-477-43490-4,31
212,La umbral de destino,Una reflexion sobre la sociedad contemporanea contada con maestria. Un relato profundo sobre las relaciones humanas y el paso del tiempo. Los personajes enfrentan decisiones que cambiaran su destino para siempre.,https://covers.biblioteca.local/00212.jpg,5,978-0-15-869380-4,3
213,El Jardin en fuego,"La narracion se despliega entre distintos escenarios y epocas. La obra explora temas de identidad, perdida y esperanza.",https://covers.biblioteca.local/00213.jpg,1,978-1-879374-16-4,16
214,Destino dorado 8,"La obra explora temas de identidad, perdida y esperanza. La narracion se despliega entre distintos escenarios y epocas.",https://covers.biblioteca.local/00214.jpg,1,978-0-17-223320-8,28
215,Jardin roto,Un clasico recomendado para lectores de todas las edades. El autor construye un mundo lleno de detalles y matices inolvidables. La narracion se despliega entre distintos escenarios y epocas.,https://covers.biblioteca.local/00215.jpg,3,978-0-632-94511-5,1
216,Roto Sueno,Un clasico recomendado para lectores de todas las edades. Un relato profundo sobre las relaciones humanas y el paso del tiempo.,https://covers.biblioteca.local/00216.jpg,2,978-1-85487-099-5,35
217,Escondido Bosque 6,Considerada una de las obras mas influyentes de su genero. La narracion se despliega entre distintos escenarios y epocas. Una reflexion sobre la sociedad contemporanea contada con maestria.,https://covers.biblioteca.local/00217.jpg,2,978-0-622-99911-1,39
218,Desierto salvaje,Una reflexion sobre la sociedad contemporanea contada con maestria. Un texto imprescindible para comprender las tensiones de su tiempo.,https://covers.biblioteca.local/00218.jpg,2,978-1-85646-799-5,30
219,Lejano Desierto,"La narracion se despliega entre distintos escenarios y epocas. La obra explora temas de identidad, perdida y esperanza.",https://covers.biblioteca.local/00219.jpg,3,978-0-246-29960-4,21
220,El Secreto en bosque,"Una reflexion sobre la sociedad contemporanea contada con maestria. La obra explora temas de identidad, perdida y esperanza.",https://covers.biblioteca.local/00220.jpg,1,978-1-307-45054-5,33
221,Silencio perdido,"El autor construye un mundo lleno de detalles y matices inolvidables. La obra explora temas de identidad, perdida y esperanza. Una trama envolvente que mezcla drama, misterio y superacion personal.",https://covers.biblioteca.local/00221.jpg,2,978-1-71324-754-8,35
222,Silencioso Umbral,"La obra explora temas de identidad, perdida y esperanza. Un texto imprescindible para comprender las tensiones de su tiempo. Una reflexion sobre la sociedad contemporanea contada con maestria.",https://covers.biblioteca.local/00222.jpg,1,978-0-373-67850-1,29
223,El Puente de umbral,Un viaje narrativo que combina emocion e intriga en cada capitulo. El autor construye un mundo lleno de detalles y matices inolvidables.,https://covers.biblioteca.local/00223.jpg,1,978-0-486-28902-1,36
224,Silencio prohibido,"Un texto imprescindible para comprender las tensiones de su tiempo. Una trama envolvente que mezcla drama, misterio y superacion personal. La narracion se despliega entre distintos escenarios y epocas.",https://covers.biblioteca.local/00224.jpg,2,978-0-03-070534-2,11
225,El Mar de secreto,Una historia que atrapa desde la primera pagina. Los personajes enfrentan decisiones que cambiaran su destino para siempre. Un viaje narrativo que combina emocion e intriga en cada capitulo.,https://covers.biblioteca.local/00225.jpg,1,978-1-86103-579-0,35
226,La reino y el mar,Considerada una de las obras mas influyentes de su genero. Un texto imprescindible para comprender las tensiones de su tiempo. Un relato profundo sobre las relaciones humanas y el paso del tiempo.,https://covers.biblioteca.local/00226.jpg,3,978-0-7985-5241-7,37
227,El Sueno sin puente,"Un texto imprescindible para comprender las tensiones de su tiempo. Una trama envolvente que mezcla drama, misterio y superacion personal.",https://covers.biblioteca.local/00227.jpg,4,978-0-602-93333-3,35
228,Infinito Bosque,Los personajes enfrentan decisiones que cambiaran su destino para siempre. Una historia que atrapa desde la primera pagina.,https://covers.biblioteca.local/00228.jpg,1,978-1-80072-290-3,29
229,La puente de destino,Un viaje narrativo que combina emocion e intriga en cada capitulo. Un texto imprescindible para comprender las tensiones de su tiempo.,https://covers.biblioteca.local/00229.jpg,3,978-1-944665-74-6,38
230,La legado sin fuego,"La obra explora temas de identidad, perdida y esperanza. Un clasico recomendado para lectores de todas las edades. Un texto imprescindible para comprender las tensiones de su tiempo.",https://covers.biblioteca.local/00230.jpg,2,978-1-4896-9108-8,14
231,La cielo en desierto 4,Un texto imprescindible para comprender las tensiones de su tiempo. Los personajes enfrentan decisiones que cambiaran su destino para siempre. La narracion se despliega entre distintos escenarios y epocas.,https://covers.biblioteca.local/00231.jpg,2,978-1-4171-5454-8,37
232,La corazon tras bosque,El autor construye un mundo lleno de detalles y matices inolvidables. Una historia que atrapa desde la primera pagina.,https://covers.biblioteca.local/00232.jpg,3,978-1-328-30965-5,18
233,Perdido Secreto,Un texto imprescindible para comprender las tensiones de su tiempo. Una reflexion sobre la sociedad contemporanea contada con maestria.,https://covers.biblioteca.local/00233.jpg,2,978-0-7446-6609-0,16
234,Umbral perdido,La narracion se despliega entre distintos escenarios y epocas. El autor construye un mundo lleno de detalles y matices inolvidables. Un texto imprescindible para comprender las tensiones de su tiempo.,https://covers.biblioteca.local/00234.jpg,1,978-1-387-58428-4,29
235,El Fuego de horizonte,"Un texto imprescindible para comprender las tensiones de su tiempo. Una reflexion sobre la sociedad contemporanea contada con maestria. Una trama envolvente que mezcla drama, misterio y superacion personal.",https://covers.biblioteca.local/00235.jpg,3,978-1-172-48251-1,32
236,La mar de rio,La narracion se despliega entre distintos escenarios y epocas. Un texto imprescindible para comprender las tensiones de su tiempo. Una reflexion sobre la sociedad contemporanea contada con maestria.,https://covers.biblioteca.local/00236.jpg,1,978-1-346-55494-5,5
237,Viaje infinito,"Una trama envolvente que mezcla drama, misterio y superacion personal. Los personajes enfrentan decisiones que cambiaran su destino para siempre.",https://covers.biblioteca.local/00237.jpg,4,978-0-7099-9173-1,21
238,La laberinto sin mar,"Un clasico recomendado para lectores de todas las edades. Una trama envolvente que mezcla drama, misterio y superacion personal.",https://covers.biblioteca.local/00238.jpg,4,978-1-84602-235-7,22
239,El Camino de fuego,"Una historia que atrapa desde la primera pagina. Un relato profundo sobre las relaciones humanas y el paso del tiempo. La obra explora temas de identidad, perdida y esperanza.",https://covers.biblioteca.local/00239.jpg,3,978-1-252-17525-8,29
240,Jardin infinito,"Un texto imprescindible para comprender las tensiones de su tiempo. La obra explora temas de identidad, perdida y esperanza.",https://covers.biblioteca.local/00240.jpg,1,978-0-7432-9271-9,20
241,Invisible Rio,Los personajes enfrentan decisiones que cambiaran su destino para siempre. Un relato profundo sobre las relaciones humanas y el paso del tiempo. Una reflexion sobre la sociedad contemporanea contada con maestria.,https://covers.biblioteca.local/00241.jpg,1,978-1-66676-008-8,11
242,El Horizonte tras espejo,El autor construye un mundo lleno de detalles y matices inolvidables. La narracion se despliega entre distintos escenarios y epocas.,https://covers.biblioteca.local/00242.jpg,2,978-1-05-830033-5,6
243,El Jardin del umbral,"La obra explora temas de identidad, perdida y esperanza. Un clasico recomendado para lectores de todas las edades.",https://covers.biblioteca.local/00243.jpg,1,978-1-216-89421-8,15
244,La bosque y el legado 4,Un relato profundo sobre las relaciones humanas y el paso del tiempo. Un viaje narrativo que combina emocion e intriga en cada capitulo. El autor construye un mundo lleno de detalles y matices inolvidables.,https://covers.biblioteca.local/00244.jpg,2,978-1-4789-8562-4,6
245,El Bosque en puente,"La obra explora temas de identidad, perdida y esperanza. El autor construye un mundo lleno de detalles y matices inolvidables. Un texto imprescindible para comprender las tensiones de su tiempo.",https://covers.biblioteca.local/00245.jpg,5,978-1-5326-0332-7,10
246,El Corazon sin jardin,"Una trama envolvente que mezcla drama, misterio y superacion personal. Una reflexion sobre la sociedad contemporanea contada con maestria.",https://covers.biblioteca.local/00246.jpg,1,978-0-9821506-4-1,14
247,Infinito Desierto,Un viaje narrativo que combina emocion e intriga en cada capitulo. Un relato profundo sobre las relaciones humanas y el paso del tiempo. La narracion se despliega entre distintos escenarios y epocas.,https://covers.biblioteca.local/00247.jpg,1,978-0-10-016761-2,9
248,El Mar tras horizonte,"El autor construye un mundo lleno de detalles y matices inolvidables. Una reflexion sobre la sociedad contemporanea contada con maestria. La obra explora temas de identidad, perdida y esperanza.",https://covers.biblioteca.local/00248.jpg,2,978-1-230-46184-7,16
249,La fuego de secreto,Un texto imprescindible para comprender las tensiones de su tiempo. Una historia que atrapa desde la primera pagina. Los personajes enfrentan decisiones que cambiaran su destino para siempre.,https://covers.biblioteca.local/00249.jpg,3,978-1-189-14117-3,14
250,Salvaje Espejo,"Un viaje narrativo que combina emocion e intriga en cada capitulo. Una trama envolvente que mezcla drama, misterio y superacion personal.",https://covers.biblioteca.local/00250.jpg,1,978-0-483-56420-6,25
251,El Secreto y el fuego,Considerada una de las obras mas influyentes de su genero. Una historia que atrapa desde la primera pagina.,https://covers.biblioteca.local/00251.jpg,2,978-0-7530-0119-6,24
252,La castillo y el mar,"Una reflexion sobre la sociedad contemporanea contada con maestria. Considerada una de las obras mas influyentes de su genero. La obra explora temas de identidad, perdida y esperanza.",https://covers.biblioteca.local/00252.jpg,2,978-0-18-114374-1,31
253,El Jardin sin rio,Los personajes enfrentan decisiones que cambiaran su destino para siempre. Un viaje narrativo que combina emocion e intriga en cada capitulo.,https://covers.biblioteca.local/00253.jpg,1,978-1-01-204556-2,3
254,El Horizonte sin espejo,El autor construye un mundo lleno de detalles y matices inolvidables. Un texto imprescindible para comprender las tensiones de su tiempo. Un relato profundo sobre las relaciones humanas y el paso del tiempo.,https://covers.biblioteca.local/00254.jpg,5,978-0-00-225579-0,35
255,La rio sin viaje 4,El autor construye un mundo lleno de detalles y matices inolvidables. Un clasico recomendado para lectores de todas las edades. Un relato profundo sobre las relaciones humanas y el paso del tiempo.,https://covers.biblioteca.local/00255.jpg,3,978-0-552-16674-4,20
256,Secreto oscuro,Un relato profundo sobre las relaciones humanas y el paso del tiempo. El autor construye un mundo lleno de detalles y matices inolvidables.,https://covers.biblioteca.local/00256.jpg,2,978-1-62120-216-5,8
257,Desierto oscuro,"La narracion se despliega entre distintos escenarios y epocas. Un texto imprescindible para comprender las tensiones de su tiempo. La obra explora temas de identidad, perdida y esperanza.",https://covers.biblioteca.local/00257.jpg,1,978-1-296-59027-7,8
258,El Legado del legado,"La obra explora temas de identidad, perdida y esperanza. Una trama envolvente que mezcla drama, misterio y superacion personal.",https://covers.biblioteca.local/00258.jpg,2,978-0-670-14508-9,23
259,La reino en castillo,Un texto imprescindible para comprender las tensiones de su tiempo. Un relato profundo sobre las relaciones humanas y el paso del tiempo. Una historia que atrapa desde la primera pagina.,https://covers.biblioteca.local/00259.jpg,2,978-1-889163-75-8,22
260,Sueno sagrado,Los personajes enfrentan decisiones que cambiaran su destino para siempre. Un clasico recomendado para lectores de todas las edades.,https://covers.biblioteca.local/00260.jpg,2,978-0-89002-877-3,5
261,Destino sagrado,"Una historia que atrapa desde la primera pagina. Una trama envolvente que mezcla drama, misterio y superacion personal. Un clasico recomendado para lectores de todas las edades.",https://covers.biblioteca.local/00261.jpg,2,978-0-7535-4083-1,11
262,La reino en bosque,Un viaje narrativo que combina emocion e intriga en cada capitulo. Considerada una de las obras mas influyentes de su genero.,https://covers.biblioteca.local/00262.jpg,2,978-1-317-79717-3,1
263,El Jardin del camino,"Una reflexion sobre la sociedad contemporanea contada con maestria. El autor construye un mundo lleno de detalles y matices inolvidables. La obra explora temas de identidad, perdida y esperanza.",https://covers.biblioteca.local/00263.jpg,2,978-1-170-16608-6,12
264,El Cielo tras fuego,Un viaje narrativo que combina emocion e intriga en cada capitulo. Una reflexion sobre la sociedad contemporanea contada con maestria. Un texto imprescindible para comprender las tensiones de su tiempo.,https://covers.biblioteca.local/00264.jpg,1,978-0-9948837-5-9,27
265,La sueno de mar,Un relato profundo sobre las relaciones humanas y el paso del tiempo. Considerada una de las obras mas influyentes de su genero. Una historia que atrapa desde la primera pagina.,https://covers.biblioteca.local/00265.jpg,1,978-0-375-89975-1,12
266,Sagrado Camino,"Un relato profundo sobre las relaciones humanas y el paso del tiempo. Una trama envolvente que mezcla drama, misterio y superacion personal. Los personajes enfrentan decisiones que cambiaran su destino para siempre.",https://covers.biblioteca.local/00266.jpg,1,978-0-13-055488-8,20
267,La rio sin destino,Una reflexion sobre la sociedad contemporanea contada con maestria. Un viaje narrativo que combina emocion e intriga en cada capitulo.,https://covers.biblioteca.local/00267.jpg,3,978-0-02-726149-3,19
268,La desierto del destino,"Un clasico recomendado para lectores de todas las edades. Una trama envolvente que mezcla drama, misterio y superacion personal. Un viaje narrativo que combina emocion e intriga en cada capitulo.",https://covers.biblioteca.local/00268.jpg,2,978-0-16-373516-2,35
269,Perdido Jardin,Una historia que atrapa desde la primera pagina. Un viaje narrativo que combina emocion e intriga en cada capitulo. Considerada una de las obras mas influyentes de su genero.,https://covers.biblioteca.local/00269.jpg,3,978-0-7798-2708-4,23
270,El Laberinto de cronicas,Un texto imprescindible para comprender las tensiones de su tiempo. Los personajes enfrentan decisiones que cambiaran su destino para siempre. Un relato profundo sobre las relaciones humanas y el paso del tiempo.,https://covers.biblioteca.local/00270.jpg,3,978-1-9782-9221-5,14
271,Infinito Umbral,"La obra explora temas de identidad, perdida y esperanza. Los personajes enfrentan decisiones que cambiaran su destino para siempre.",https://covers.biblioteca.local/00271.jpg,1,978-1-86693-465-4,6
272,El Secreto sin silencio,"Una trama envolvente que mezcla drama, misterio y superacion personal. Un relato profundo sobre las relaciones humanas y el paso del tiempo. Un clasico recomendado para lectores de todas las edades.",https://covers.biblioteca.local/00272.jpg,1,978-1-226-98485-5,7
273,El Silencio tras castillo 5,Los personajes enfrentan decisiones que cambiaran su destino para siempre. Una reflexion sobre la sociedad contemporanea contada con maestria. El autor construye un mundo lleno de detalles y matices inolvidables.,https://covers.biblioteca.local/00273.jpg,2,978-0-394-52288-3,21
274,La destino en secreto,"Un viaje narrativo que combina emocion e intriga en cada capitulo. La obra explora temas de identidad, perdida y esperanza.",https://covers.biblioteca.local/00274.jpg,2,978-0-587-99684-2,38
275,El Castillo de reino,"Una trama envolvente que mezcla drama, misterio y superacion personal. Una reflexion sobre la sociedad contemporanea contada con maestria. El autor construye un mundo lleno de detalles y matices inolvidables.",https://covers.biblioteca.local/00275.jpg,1,978-0-8106-2003-2,8
276,La viaje y el espejo,Los personajes enfrentan decisiones que cambiaran su destino para siempre. Un relato profundo sobre las relaciones humanas y el paso del tiempo. La narracion se despliega entre distintos escenarios y epocas.,https://covers.biblioteca.local/00276.jpg,1,978-0-442-04380-3,11
277,La legado tras desierto,Un viaje narrativo que combina emocion e intriga en cada capitulo. Una reflexion sobre la sociedad contemporanea contada con maestria.,https://covers.biblioteca.local/00277.jpg,2,978-1-198-38638-1,10
278,El Legado del puente,Considerada una de las obras mas influyentes de su genero. Una historia que atrapa desde la primera pagina. Los personajes enfrentan decisiones que cambiaran su destino para siempre.,https://covers.biblioteca.local/00278.jpg,1,978-0-666-58004-7,17
279,Ultimo Horizonte,Considerada una de las obras mas influyentes de su genero. Un texto imprescindible para comprender las tensiones de su tiempo. Un viaje narrativo que combina emocion e intriga en cada capitulo.,https://covers.biblioteca.local/00279.jpg,4,978-1-359-89334-5,7
280,Bosque perdido,Una historia que atrapa desde la primera pagina. Un texto imprescindible para comprender las tensiones de su tiempo.,https://covers.biblioteca.local/00280.jpg,2,978-0-12-281606-2,15
281,Roto Horizonte,La narracion se despliega entre distintos escenarios y epocas. Un texto imprescindible para comprender las tensiones de su tiempo. Un relato profundo sobre las relaciones humanas y el paso del tiempo.,https://covers.biblioteca.local/00281.jpg,2,978-1-229-40572-2,38
282,La rio de rio,"La narracion se despliega entre distintos escenarios y epocas. Una trama envolvente que mezcla drama, misterio y superacion personal.",https://covers.biblioteca.local/00282.jpg,1,978-0-590-94798-5,9
283,El Laberinto de camino,"Una historia que atrapa desde la primera pagina. La obra explora temas de identidad, perdida y esperanza. Un clasico recomendado para lectores de todas las edades.",https://covers.biblioteca.local/00283.jpg,3,978-0-583-28182-9,28
284,Umbral ultimo,"La narracion se despliega entre distintos escenarios y epocas. El autor construye un mundo lleno de detalles y matices inolvidables. La obra explora temas de identidad, perdida y esperanza.",https://covers.biblioteca.local/00284.jpg,3,978-1-153-35554-4,23
285,Silencioso Sueno,"Una trama envolvente que mezcla drama, misterio y superacion personal. La obra explora temas de identidad, perdida y esperanza. Una historia que atrapa desde la primera pagina.",https://covers.biblioteca.local/00285.jpg,4,978-1-80157-399-3,40
286,Lejano Umbral,"Considerada una de las obras mas influyentes de su genero. Una trama envolvente que mezcla drama, misterio y superacion personal. Una historia que atrapa desde la primera pagina.",https://covers.biblioteca.local/00286.jpg,3,978-0-561-64840-8,6
287,La horizonte del silencio,La narracion se despliega entre distintos escenarios y epocas. Considerada una de las obras mas influyentes de su genero.,https://covers.biblioteca.local/00287.jpg,4,978-1-70435-811-6,16
288,El Horizonte tras puente,"Considerada una de las obras mas influyentes de su genero. Una trama envolvente que mezcla drama, misterio y superacion personal. Una reflexion sobre la sociedad contemporanea contada con maestria.",https://covers.biblioteca.local/00288.jpg,3,978-0-13-361386-5,37
289,La horizonte en reino,Una reflexion sobre la sociedad contemporanea contada con maestria. Un clasico recomendado para lectores de todas las edades.,https://covers.biblioteca.local/00289.jpg,3,978-0-07-501102-6,15
290,El Sueno de umbral,"Un clasico recomendado para lectores de todas las edades. Un viaje narrativo que combina emocion e intriga en cada capitulo. La obra explora temas de identidad, perdida y esperanza.",https://covers.biblioteca.local/00290.jpg,2,978-0-934667-66-1,7
291,Dorado Sueno,Un viaje narrativo que combina emocion e intriga en cada capitulo. Un clasico recomendado para lectores de todas las edades.,https://covers.biblioteca.local/00291.jpg,1,978-0-618-09190-4,25
292,La reino del secreto,Un texto imprescindible para comprender las tensiones de su tiempo. Una reflexion sobre la sociedad contemporanea contada con maestria. Un clasico recomendado para lectores de todas las edades.,https://covers.biblioteca.local/00292.jpg,2,978-1-81449-147-5,2
293,La mar sin castillo,"Una trama envolvente que mezcla drama, misterio y superacion personal. Considerada una de las obras mas influyentes de su genero.",https://covers.biblioteca.local/00293.jpg,2,978-1-07-283268-3,20
294,Prohibido Camino,Una historia que atrapa desde la primera pagina. Un viaje narrativo que combina emocion e intriga en cada capitulo.,https://covers.biblioteca.local/00294.jpg,1,978-0-450-88210-4,39
295,Ultimo Corazon,Una historia que atrapa desde la primera pagina. Una reflexion sobre la sociedad contemporanea contada con maestria. Un clasico recomendado para lectores de todas las edades.,https://covers.biblioteca.local/00295.jpg,3,978-1-881435-36-5,13
296,Profundo Legado,Una reflexion sobre la sociedad contemporanea contada con maestria. Una historia que atrapa desde la primera pagina.,https://covers.biblioteca.local/00296.jpg,3,978-0-239-43129-5,2
297,Perdido Bosque,Un relato profundo sobre las relaciones humanas y el paso del tiempo. Una reflexion sobre la sociedad contemporanea contada con maestria. El autor construye un mundo lleno de detalles y matices inolvidables.,https://covers.biblioteca.local/00297.jpg,2,978-1-81414-139-4,38
298,El Laberinto en laberinto,"La obra explora temas de identidad, perdida y esperanza. El autor construye un mundo lleno de detalles y matices inolvidables.",https://covers.biblioteca.local/00298.jpg,5,978-1-5231-4913-1,32
299,La reino tras cielo,Un viaje narrativo que combina emocion e intriga en cada capitulo. La narracion se despliega entre distintos escenarios y epocas. Un clasico recomendado para lectores de todas las edades.,https://covers.biblioteca.local/00299.jpg,1,978-1-75949-299-5,12
300,Espejo lejano,"La obra explora temas de identidad, perdida y esperanza. Una historia que atrapa desde la primera pagina.",https://covers.biblioteca.local/00300.jpg,3,978-1-62053-364-2,37
301,Mar oscuro,Un clasico recomendado para lectores de todas las edades. Una reflexion sobre la sociedad contemporanea contada con maestria.,https://covers.biblioteca.local/00301.jpg,1,978-0-577-75478-0,40
302,Eterno Umbral,Una reflexion sobre la sociedad contemporanea contada con maestria. Un relato profundo sobre las relaciones humanas y el paso del tiempo.,https://covers.biblioteca.local/00302.jpg,2,978-0-914283-41-6,16
303,La laberinto del fuego,Un texto imprescindible para comprender las tensiones de su tiempo. La narracion se despliega entre distintos escenarios y epocas.,https://covers.biblioteca.local/00303.jpg,4,978-0-8099-6930-2,22
304,Jardin invisible,Un viaje narrativo que combina emocion e intriga en cada capitulo. Un relato profundo sobre las relaciones humanas y el paso del tiempo.,https://covers.biblioteca.local/00304.jpg,1,978-1-256-39427-3,23
305,La bosque tras jardin,"El autor construye un mundo lleno de detalles y matices inolvidables. Una trama envolvente que mezcla drama, misterio y superacion personal.",https://covers.biblioteca.local/00305.jpg,2,978-1-58039-282-2,27
306,Puente salvaje 3,Un clasico recomendado para lectores de todas las edades. La narracion se despliega entre distintos escenarios y epocas. Un viaje narrativo que combina emocion e intriga en cada capitulo.,https://covers.biblioteca.local/00306.jpg,2,978-0-299-27503-7,11
307,La jardin en sueno 3,"Una reflexion sobre la sociedad contemporanea contada con maestria. La obra explora temas de identidad, perdida y esperanza.",https://covers.biblioteca.local/00307.jpg,1,978-0-14-530385-3,25
308,Secreto Cielo,Una reflexion sobre la sociedad contemporanea contada con maestria. Un clasico recomendado para lectores de todas las edades.,https://covers.biblioteca.local/00308.jpg,1,978-1-70051-844-6,40
309,Legado ultimo,"La narracion se despliega entre distintos escenarios y epocas. La obra explora temas de identidad, perdida y esperanza. Un clasico recomendado para lectores de todas las edades.",https://covers.biblioteca.local/00309.jpg,4,978-1-65918-463-1,28
310,Oscuro Bosque,Un viaje narrativo que combina emocion e intriga en cada capitulo. Un texto imprescindible para comprender las tensiones de su tiempo. El autor construye un mundo lleno de detalles y matices inolvidables.,https://covers.biblioteca.local/00310.jpg,5,978-1-57790-827-2,36
311,La cronicas en espejo,Un relato profundo sobre las relaciones humanas y el paso del tiempo. Una historia que atrapa desde la primera pagina.,https://covers.biblioteca.local/00311.jpg,2,978-0-18-432225-9,26
312,Castillo oscuro,Una historia que atrapa desde la primera pagina. El autor construye un mundo lleno de detalles y matices inolvidables. Un relato profundo sobre las relaciones humanas y el paso del tiempo.,https://covers.biblioteca.local/00312.jpg,5,978-0-651-77739-1,19
313,Viaje eterno,"Un viaje narrativo que combina emocion e intriga en cada capitulo. La obra explora temas de identidad, perdida y esperanza.",https://covers.biblioteca.local/00313.jpg,5,978-1-03-029922-0,19
314,El Umbral de espejo,"Una trama envolvente que mezcla drama, misterio y superacion personal. Un texto imprescindible para comprender las tensiones de su tiempo. Los personajes enfrentan decisiones que cambiaran su destino para siempre.",https://covers.biblioteca.local/00314.jpg,1,978-0-02-428699-4,6
315,Reino antiguo,"Una reflexion sobre la sociedad contemporanea contada con maestria. La obra explora temas de identidad, perdida y esperanza. Una trama envolvente que mezcla drama, misterio y superacion personal.",https://covers.biblioteca.local/00315.jpg,3,978-1-137-97723-6,3
316,La destino y el sueno,Los personajes enfrentan decisiones que cambiaran su destino para siempre. Un clasico recomendado para lectores de todas las edades.,https://covers.biblioteca.local/00316.jpg,3,978-0-929842-57-8,4
317,Eterno Rio,Considerada una de las obras mas influyentes de su genero. El autor construye un mundo lleno de detalles y matices inolvidables. Un clasico recomendado para lectores de todas las edades.,https://covers.biblioteca.local/00317.jpg,1,978-0-662-10388-2,15
318,El Horizonte sin silencio,"Un clasico recomendado para lectores de todas las edades. Un viaje narrativo que combina emocion e intriga en cada capitulo. Una trama envolvente que mezcla drama, misterio y superacion personal.",https://covers.biblioteca.local/00318.jpg,1,978-0-912799-08-7,20
319,El Horizonte tras camino,"Un relato profundo sobre las relaciones humanas y el paso del tiempo. Una trama envolvente que mezcla drama, misterio y superacion personal.",https://covers.biblioteca.local/00319.jpg,1,978-0-7298-0686-2,12
320,Roto Viaje,Una historia que atrapa desde la primera pagina. El autor construye un mundo lleno de detalles y matices inolvidables.,https://covers.biblioteca.local/00320.jpg,2,978-0-86376-599-5,6
321,Viaje perdido,Una reflexion sobre la sociedad contemporanea contada con maestria. Un relato profundo sobre las relaciones humanas y el paso del tiempo. La narracion se despliega entre distintos escenarios y epocas.,https://covers.biblioteca.local/00321.jpg,1,978-1-247-31498-3,25
322,Cielo profundo,"Considerada una de las obras mas influyentes de su genero. Una trama envolvente que mezcla drama, misterio y superacion personal. Una historia que atrapa desde la primera pagina.",https://covers.biblioteca.local/00322.jpg,4,978-1-300-98180-0,40
323,Bosque infinito,"La obra explora temas de identidad, perdida y esperanza. Un clasico recomendado para lectores de todas las edades.",https://covers.biblioteca.local/00323.jpg,1,978-0-565-12694-0,38
324,El Bosque sin bosque,Considerada una de las obras mas influyentes de su genero. Una reflexion sobre la sociedad contemporanea contada con maestria. El autor construye un mundo lleno de detalles y matices inolvidables.,https://covers.biblioteca.local/00324.jpg,3,978-1-959463-68-9,17
325,Fuego prohibido,"Una historia que atrapa desde la primera pagina. La obra explora temas de identidad, perdida y esperanza. Los personajes enfrentan decisiones que cambiaran su destino para siempre.",https://covers.biblioteca.local/00325.jpg,1,978-0-588-74495-4,26
326,Salvaje Camino,Una reflexion sobre la sociedad contemporanea contada con maestria. Un viaje narrativo que combina emocion e intriga en cada capitulo. Una historia que atrapa desde la primera pagina.,https://covers.biblioteca.local/00326.jpg,2,978-0-13-721386-3,31
327,La puente de laberinto,"Los personajes enfrentan decisiones que cambiaran su destino para siempre. Un texto imprescindible para comprender las tensiones de su tiempo. Una trama envolvente que mezcla drama, misterio y superacion personal.",https://covers.biblioteca.local/00327.jpg,1,978-0-260-12796-9,7
328,Perdido Espejo,Una reflexion sobre la sociedad contemporanea contada con maestria. Los personajes enfrentan decisiones que cambiaran su destino para siempre. El autor construye un mundo lleno de detalles y matices inolvidables.,https://covers.biblioteca.local/00328.jpg,1,978-0-435-19066-8,39
329,El Viaje y el viaje,"Un texto imprescindible para comprender las tensiones de su tiempo. Una trama envolvente que mezcla drama, misterio y superacion personal. Considerada una de las obras mas influyentes de su genero.",https://covers.biblioteca.local/00329.jpg,1,978-0-277-03843-2,24
330,El Corazon del rio,Un texto imprescindible para comprender las tensiones de su tiempo. Considerada una de las obras mas influyentes de su genero. El autor construye un mundo lleno de detalles y matices inolvidables.,https://covers.biblioteca.local/00330.jpg,3,978-0-920530-21-4,9
331,El Reino del viaje,Un viaje narrativo que combina emocion e intriga en cada capitulo. Una historia que atrapa desde la primera pagina.,https://covers.biblioteca.local/00331.jpg,2,978-1-56693-801-3,30
332,El Puente tras viaje,"Una reflexion sobre la sociedad contemporanea contada con maestria. Una trama envolvente que mezcla drama, misterio y superacion personal. Considerada una de las obras mas influyentes de su genero.",https://covers.biblioteca.local/00332.jpg,3,978-1-895543-93-3,26
333,El Cronicas de secreto,"Una trama envolvente que mezcla drama, misterio y superacion personal. Un clasico recomendado para lectores de todas las edades. Un texto imprescindible para comprender las tensiones de su tiempo.",https://covers.biblioteca.local/00333.jpg,1,978-1-904268-18-5,12
334,Mar antiguo,"La obra explora temas de identidad, perdida y esperanza. Los personajes enfrentan decisiones que cambiaran su destino para siempre. Un relato profundo sobre las relaciones humanas y el paso del tiempo.",https://covers.biblioteca.local/00334.jpg,1,978-1-5184-8947-1,19
335,El Horizonte de reino,Un viaje narrativo que combina emocion e intriga en cada capitulo. La narracion se despliega entre distintos escenarios y epocas.,https://covers.biblioteca.local/00335.jpg,1,978-1-357-79071-4,15
336,Invisible Fuego,Considerada una de las obras mas influyentes de su genero. Una historia que atrapa desde la primera pagina. La narracion se despliega entre distintos escenarios y epocas.,https://covers.biblioteca.local/00336.jpg,3,978-0-633-56588-6,31
337,Silencioso Desierto,Un viaje narrativo que combina emocion e intriga en cada capitulo. Los personajes enfrentan decisiones que cambiaran su destino para siempre.,https://covers.biblioteca.local/00337.jpg,2,978-1-341-65182-3,39
338,La legado tras fuego,El autor construye un mundo lleno de detalles y matices inolvidables. Un texto imprescindible para comprender las tensiones de su tiempo. Una reflexion sobre la sociedad contemporanea contada con maestria.,https://covers.biblioteca.local/00338.jpg,2,978-1-5394-2373-7,30
339,Mar eterno 2,Considerada una de las obras mas influyentes de su genero. La narracion se despliega entre distintos escenarios y epocas. Un clasico recomendado para lectores de todas las edades.,https://covers.biblioteca.local/00339.jpg,2,978-0-433-33952-6,39
340,La espejo tras bosque,Un relato profundo sobre las relaciones humanas y el paso del tiempo. Una reflexion sobre la sociedad contemporanea contada con maestria. Los personajes enfrentan decisiones que cambiaran su destino para siempre.,https://covers.biblioteca.local/00340.jpg,1,978-0-17-908075-1,21
341,La sueno tras legado,"Un viaje narrativo que combina emocion e intriga en cada capitulo. La obra explora temas de identidad, perdida y esperanza. Considerada una de las obras mas influyentes de su genero.",https://covers.biblioteca.local/00341.jpg,2,978-1-947284-63-0,16
342,El Desierto y el cronicas,"La narracion se despliega entre distintos escenarios y epocas. La obra explora temas de identidad, perdida y esperanza. Una historia que atrapa desde la primera pagina.",https://covers.biblioteca.local/00342.jpg,1,978-0-86780-856-8,32
343,La sueno y el horizonte,Un texto imprescindible para comprender las tensiones de su tiempo. Una historia que atrapa desde la primera pagina. Un clasico recomendado para lectores de todas las edades.,https://covers.biblioteca.local/00343.jpg,3,978-1-187-50036-1,37
344,Prohibido Cronicas 7,"La obra explora temas de identidad, perdida y esperanza. La narracion se despliega entre distintos escenarios y epocas. Considerada una de las obras mas influyentes de su genero.",https://covers.biblioteca.local/00344.jpg,3,978-1-59428-434-2,12
345,La bosque y el castillo,"Un texto imprescindible para comprender las tensiones de su tiempo. Considerada una de las obras mas influyentes de su genero. La obra explora temas de identidad, perdida y esperanza.",https://covers.biblioteca.local/00345.jpg,5,978-1-5276-3655-2,22
346,El Secreto en secreto,El autor construye un mundo lleno de detalles y matices inolvidables. Una reflexion sobre la sociedad contemporanea contada con maestria. La narracion se despliega entre distintos escenarios y epocas.,https://covers.biblioteca.local/00346.jpg,2,978-1-72929-314-0,17
347,La destino de umbral,La narracion se despliega entre distintos escenarios y epocas. Un clasico recomendado para lectores de todas las edades.,https://covers.biblioteca.local/00347.jpg,4,978-1-63227-026-9,38
348,El Umbral del corazon,La narracion se despliega entre distintos escenarios y epocas. El autor construye un mundo lleno de detalles y matices inolvidables.,https://covers.biblioteca.local/00348.jpg,4,978-0-88574-489-3,34
349,La silencio de castillo,Un viaje narrativo que combina emocion e intriga en cada capitulo. Una reflexion sobre la sociedad contemporanea contada con maestria.,https://covers.biblioteca.local/00349.jpg,3,978-1-120-34717-6,27
350,Castillo profundo,"Un relato profundo sobre las relaciones humanas y el paso del tiempo. Una trama envolvente que mezcla drama, misterio y superacion personal.",https://covers.biblioteca.local/00350.jpg,2,978-1-55884-506-0,22
351,El Jardin y el sueno 5,"Un clasico recomendado para lectores de todas las edades. La obra explora temas de identidad, perdida y esperanza.",https://covers.biblioteca.local/00351.jpg,1,978-1-939982-45-2,32
352,El Castillo sin silencio,"El autor construye un mundo lleno de detalles y matices inolvidables. Un texto imprescindible para comprender las tensiones de su tiempo. Una trama envolvente que mezcla drama, misterio y superacion personal.",https://covers.biblioteca.local/00352.jpg,1,978-1-71694-722-3,25
353,El Camino sin viaje,Una historia que atrapa desde la primera pagina. Una reflexion sobre la sociedad contemporanea contada con maestria. Considerada una de las obras mas influyentes de su genero.,https://covers.biblioteca.local/00353.jpg,3,978-1-996112-53-3,13
354,El Cronicas de fuego,Un viaje narrativo que combina emocion e intriga en cada capitulo. Una reflexion sobre la sociedad contemporanea contada con maestria.,https://covers.biblioteca.local/00354.jpg,1,978-1-4496-4759-9,20
355,Eterno Horizonte,"La obra explora temas de identidad, perdida y esperanza. Un relato profundo sobre las relaciones humanas y el paso del tiempo. Una historia que atrapa desde la primera pagina.",https://covers.biblioteca.local/00355.jpg,2,978-1-220-23413-0,20
356,La destino tras corazon,"El autor construye un mundo lleno de detalles y matices inolvidables. La narracion se despliega entre distintos escenarios y epocas. La obra explora temas de identidad, perdida y esperanza.",https://covers.biblioteca.local/00356.jpg,2,978-1-111-78006-7,22
357,Puente roto,El autor construye un mundo lleno de detalles y matices inolvidables. Una historia que atrapa desde la primera pagina.,https://covers.biblioteca.local/00357.jpg,1,978-0-492-16433-6,15
358,Perdido Viaje,Un clasico recomendado para lectores de todas las edades. Considerada una de las obras mas influyentes de su genero.,https://covers.biblioteca.local/00358.jpg,3,978-1-228-20055-7,11
359,El Puente tras fuego,El autor construye un mundo lleno de detalles y matices inolvidables. La narracion se despliega entre distintos escenarios y epocas.,https://covers.biblioteca.local/00359.jpg,3,978-1-84872-829-5,17
360,El Desierto de cronicas,La narracion se despliega entre distintos escenarios y epocas. Una historia que atrapa desde la primera pagina.,https://covers.biblioteca.local/00360.jpg,2,978-1-884578-31-1,4
361,El Silencio y el horizonte,Considerada una de las obras mas influyentes de su genero. Los personajes enfrentan decisiones que cambiaran su destino para siempre.,https://covers.biblioteca.local/00361.jpg,4,978-1-56424-008-8,31
362,Roto Legado,Los personajes enfrentan decisiones que cambiaran su destino para siempre. El autor construye un mundo lleno de detalles y matices inolvidables.,https://covers.biblioteca.local/00362.jpg,1,978-1-4780-7740-4,7
363,La desierto sin legado,El autor construye un mundo lleno de detalles y matices inolvidables. Un relato profundo sobre las relaciones humanas y el paso del tiempo.,https://covers.biblioteca.local/00363.jpg,5,978-1-930853-68-3,33
364,El Espejo de bosque,Un viaje narrativo que combina emocion e intriga en cada capitulo. Un clasico recomendado para lectores de todas las edades. Un texto imprescindible para comprender las tensiones de su tiempo.,https://covers.biblioteca.local/00364.jpg,2,978-1-326-63416-2,17
365,Antiguo Legado,"Los personajes enfrentan decisiones que cambiaran su destino para siempre. La obra explora temas de identidad, perdida y esperanza. Una historia que atrapa desde la primera pagina.",https://covers.biblioteca.local/00365.jpg,2,978-1-4846-3122-5,36
366,Viaje prohibido,Un viaje narrativo que combina emocion e intriga en cada capitulo. Una historia que atrapa desde la primera pagina. La narracion se despliega entre distintos escenarios y epocas.,https://covers.biblioteca.local/00366.jpg,3,978-0-7974-9735-1,6
367,El Mar tras umbral,Un relato profundo sobre las relaciones humanas y el paso del tiempo. Considerada una de las obras mas influyentes de su genero.,https://covers.biblioteca.local/00367.jpg,1,978-0-08-021442-9,5
368,El Sueno tras secreto,"Los personajes enfrentan decisiones que cambiaran su destino para siempre. Un texto imprescindible para comprender las tensiones de su tiempo. Una trama envolvente que mezcla drama, misterio y superacion personal.",https://covers.biblioteca.local/00368.jpg,3,978-0-312-07356-5,4
369,El Reino de espejo,La narracion se despliega entre distintos escenarios y epocas. Una reflexion sobre la sociedad contemporanea contada con maestria. El autor construye un mundo lleno de detalles y matices inolvidables.,https://covers.biblioteca.local/00369.jpg,1,978-1-57051-204-9,8
370,El Camino de castillo,Una reflexion sobre la sociedad contemporanea contada con maestria. Un texto imprescindible para comprender las tensiones de su tiempo.,https://covers.biblioteca.local/00370.jpg,1,978-0-87234-601-7,29
371,La rio en laberinto,Un relato profundo sobre las relaciones humanas y el paso del tiempo. El autor construye un mundo lleno de detalles y matices inolvidables.,https://covers.biblioteca.local/00371.jpg,1,978-1-73037-183-7,26
372,Sueno salvaje,"El autor construye un mundo lleno de detalles y matices inolvidables. La narracion se despliega entre distintos escenarios y epocas. La obra explora temas de identidad, perdida y esperanza.",https://covers.biblioteca.local/00372.jpg,2,978-1-4520-8814-3,8
373,Oscuro Reino,El autor construye un mundo lleno de detalles y matices inolvidables. Un clasico recomendado para lectores de todas las edades.,https://covers.biblioteca.local/00373.jpg,1,978-1-350-31365-1,31
374,Reino salvaje,"Un clasico recomendado para lectores de todas las edades. Una historia que atrapa desde la primera pagina. La obra explora temas de identidad, perdida y esperanza.",https://covers.biblioteca.local/00374.jpg,1,978-0-491-63009-2,31
375,Camino secreto 6,Una historia que atrapa desde la primera pagina. La narracion se despliega entre distintos escenarios y epocas. Considerada una de las obras mas influyentes de su genero.,https://covers.biblioteca.local/00375.jpg,1,978-0-513-27195-1,37
376,Profundo Corazon,El autor construye un mundo lleno de detalles y matices inolvidables. La narracion se despliega entre distintos escenarios y epocas.,https://covers.biblioteca.local/00376.jpg,3,978-0-528-12735-9,16
377,Puente salvaje,Considerada una de las obras mas influyentes de su genero. Un clasico recomendado para lectores de todas las edades.,https://covers.biblioteca.local/00377.jpg,1,978-1-306-52407-0,4
378,El Fuego del corazon,"Una trama envolvente que mezcla drama, misterio y superacion personal. La obra explora temas de identidad, perdida y esperanza. Un relato profundo sobre las relaciones humanas y el paso del tiempo.",https://covers.biblioteca.local/00378.jpg,2,978-1-873928-55-4,32
379,La secreto en sueno,Considerada una de las obras mas influyentes de su genero. Un viaje narrativo que combina emocion e intriga en cada capitulo.,https://covers.biblioteca.local/00379.jpg,1,978-1-9821-8274-8,36
380,Horizonte dorado,"Una trama envolvente que mezcla drama, misterio y superacion personal. Un texto imprescindible para comprender las tensiones de su tiempo.",https://covers.biblioteca.local/00380.jpg,1,978-1-70862-095-0,37
381,Rio prohibido,"Una reflexion sobre la sociedad contemporanea contada con maestria. Un relato profundo sobre las relaciones humanas y el paso del tiempo. Una trama envolvente que mezcla drama, misterio y superacion personal.",https://covers.biblioteca.local/00381.jpg,5,978-1-186-38782-6,2
382,El Horizonte y el camino,Un relato profundo sobre las relaciones humanas y el paso del tiempo. Un clasico recomendado para lectores de todas las edades.,https://covers.biblioteca.local/00382.jpg,4,978-1-65118-102-7,40
383,La corazon sin viaje,Una reflexion sobre la sociedad contemporanea contada con maestria. Un texto imprescindible para comprender las tensiones de su tiempo. Una historia que atrapa desde la primera pagina.,https://covers.biblioteca.local/00383.jpg,3,978-0-317-31096-2,15
384,Laberinto prohibido,"Un texto imprescindible para comprender las tensiones de su tiempo. Una trama envolvente que mezcla drama, misterio y superacion personal. Un relato profundo sobre las relaciones humanas y el paso del tiempo.",https://covers.biblioteca.local/00384.jpg,3,978-1-05-391037-9,7
385,La fuego en cielo 7,"Una historia que atrapa desde la primera pagina. La obra explora temas de identidad, perdida y esperanza.",https://covers.biblioteca.local/00385.jpg,4,978-1-05-865094-2,32
386,La desierto del viaje 3,"Un viaje narrativo que combina emocion e intriga en cada capitulo. Una trama envolvente que mezcla drama, misterio y superacion personal. Un texto imprescindible para comprender las tensiones de su tiempo.",https://covers.biblioteca.local/00386.jpg,3,978-0-413-81138-7,22
387,El Silencio de fuego,"Una trama envolvente que mezcla drama, misterio y superacion personal. Un texto imprescindible para comprender las tensiones de su tiempo.",https://covers.biblioteca.local/00387.jpg,1,978-0-383-92886-3,38
388,El Cielo y el mar 9,Un texto imprescindible para comprender las tensiones de su tiempo. Un clasico recomendado para lectores de todas las edades.,https://covers.biblioteca.local/00388.jpg,2,978-1-76122-868-1,12
389,La corazon y el silencio 5,El autor construye un mundo lleno de detalles y matices inolvidables. Una reflexion sobre la sociedad contemporanea contada con maestria. Los personajes enfrentan decisiones que cambiaran su destino para siempre.,https://covers.biblioteca.local/00389.jpg,3,978-0-89755-855-6,29
390,La legado sin laberinto 5,Un viaje narrativo que combina emocion e intriga en cada capitulo. Un clasico recomendado para lectores de todas las edades.,https://covers.biblioteca.local/00390.jpg,2,978-1-59398-368-0,19
391,La cronicas del legado,Considerada una de las obras mas influyentes de su genero. Un texto imprescindible para comprender las tensiones de su tiempo.,https://covers.biblioteca.local/00391.jpg,2,978-1-77600-490-4,21
392,El Puente sin umbral,La narracion se despliega entre distintos escenarios y epocas. Considerada una de las obras mas influyentes de su genero. Los personajes enfrentan decisiones que cambiaran su destino para siempre.,https://covers.biblioteca.local/00392.jpg,1,978-1-04-335048-2,28
393,El Corazon de jardin,"La obra explora temas de identidad, perdida y esperanza. Una historia que atrapa desde la primera pagina. La narracion se despliega entre distintos escenarios y epocas.",https://covers.biblioteca.local/00393.jpg,3,978-0-07-522459-4,13
394,La reino en cronicas,"La obra explora temas de identidad, perdida y esperanza. Una historia que atrapa desde la primera pagina. Los personajes enfrentan decisiones que cambiaran su destino para siempre.",https://covers.biblioteca.local/00394.jpg,1,978-0-441-96931-9,14
395,El Puente y el bosque,Un texto imprescindible para comprender las tensiones de su tiempo. La narracion se despliega entre distintos escenarios y epocas.,https://covers.biblioteca.local/00395.jpg,1,978-1-279-19409-6,36
396,Secreto sagrado,Un texto imprescindible para comprender las tensiones de su tiempo. La narracion se despliega entre distintos escenarios y epocas. Una historia que atrapa desde la primera pagina.,https://covers.biblioteca.local/00396.jpg,1,978-0-05-566139-5,25
397,Silencio profundo,Una historia que atrapa desde la primera pagina. Los personajes enfrentan decisiones que cambiaran su destino para siempre.,https://covers.biblioteca.local/00397.jpg,1,978-1-04-805892-5,13
398,Roto Espejo 9,La narracion se despliega entre distintos escenarios y epocas. Un relato profundo sobre las relaciones humanas y el paso del tiempo.,https://covers.biblioteca.local/00398.jpg,3,978-0-206-79981-6,12
399,Camino infinito 6,"La obra explora temas de identidad, perdida y esperanza. Un texto imprescindible para comprender las tensiones de su tiempo. Un clasico recomendado para lectores de todas las edades.",https://covers.biblioteca.local/00399.jpg,1,978-1-4622-5179-7,17
400,El Laberinto y el legado,"Una historia que atrapa desde la primera pagina. La obra explora temas de identidad, perdida y esperanza.",https://covers.biblioteca.local/00400.jpg,1,978-1-4168-6227-7,21
401,El Fuego sin cronicas,"Una trama envolvente que mezcla drama, misterio y superacion personal. Un clasico recomendado para lectores de todas las edades. Considerada una de las obras mas influyentes de su genero.",https://covers.biblioteca.local/00401.jpg,2,978-1-69389-833-4,23
402,El Legado en corazon,"La obra explora temas de identidad, perdida y esperanza. Considerada una de las obras mas influyentes de su genero.",https://covers.biblioteca.local/00402.jpg,1,978-1-65911-665-6,5
403,Infinito Cielo,Un relato profundo sobre las relaciones humanas y el paso del tiempo. Una reflexion sobre la sociedad contemporanea contada con maestria. Un viaje narrativo que combina emocion e intriga en cada capitulo.,https://covers.biblioteca.local/00403.jpg,3,978-0-559-04259-1,14
404,La laberinto en espejo,Un clasico recomendado para lectores de todas las edades. Considerada una de las obras mas influyentes de su genero.,https://covers.biblioteca.local/00404.jpg,1,978-0-7033-5211-8,31
405,El Bosque tras puente,Un viaje narrativo que combina emocion e intriga en cada capitulo. La narracion se despliega entre distintos escenarios y epocas. Un clasico recomendado para lectores de todas las edades.,https://covers.biblioteca.local/00405.jpg,1,978-0-924051-47-0,40
406,Oscuro Cronicas,El autor construye un mundo lleno de detalles y matices inolvidables. Un relato profundo sobre las relaciones humanas y el paso del tiempo. Un texto imprescindible para comprender las tensiones de su tiempo.,https://covers.biblioteca.local/00406.jpg,3,978-0-538-33884-4,17
407,La jardin sin puente,"Una trama envolvente que mezcla drama, misterio y superacion personal. Una historia que atrapa desde la primera pagina. Los personajes enfrentan decisiones que cambiaran su destino para siempre.",https://covers.biblioteca.local/00407.jpg,2,978-0-06-980420-7,13
408,La corazon de bosque,Considerada una de las obras mas influyentes de su genero. Un texto imprescindible para comprender las tensiones de su tiempo.,https://covers.biblioteca.local/00408.jpg,3,978-0-940701-64-9,1
409,El Viaje tras fuego,La narracion se despliega entre distintos escenarios y epocas. El autor construye un mundo lleno de detalles y matices inolvidables.,https://covers.biblioteca.local/00409.jpg,3,978-0-04-636815-9,7
410,El Cronicas del jardin 9,Una historia que atrapa desde la primera pagina. Un relato profundo sobre las relaciones humanas y el paso del tiempo. La narracion se despliega entre distintos escenarios y epocas.,https://covers.biblioteca.local/00410.jpg,1,978-0-238-78003-5,4
411,El Mar del sueno 8,"Una trama envolvente que mezcla drama, misterio y superacion personal. La narracion se despliega entre distintos escenarios y epocas. El autor construye un mundo lleno de detalles y matices inolvidables.",https://covers.biblioteca.local/00411.jpg,3,978-1-76205-554-5,28
412,La jardin y el cronicas,Considerada una de las obras mas influyentes de su genero. Una historia que atrapa desde la primera pagina.,https://covers.biblioteca.local/00412.jpg,1,978-1-04-608432-2,40
413,El Mar de legado,Una reflexion sobre la sociedad contemporanea contada con maestria. Considerada una de las obras mas influyentes de su genero.,https://covers.biblioteca.local/00413.jpg,5,978-1-216-89363-1,7
414,La cronicas en desierto,"Los personajes enfrentan decisiones que cambiaran su destino para siempre. Una trama envolvente que mezcla drama, misterio y superacion personal.",https://covers.biblioteca.local/00414.jpg,3,978-1-4957-8232-9,25
415,Cronicas ultimo,"La obra explora temas de identidad, perdida y esperanza. Considerada una de las obras mas influyentes de su genero. Un viaje narrativo que combina emocion e intriga en cada capitulo.",https://covers.biblioteca.local/00415.jpg,3,978-0-482-62925-8,9
416,Cielo lejano,Los personajes enfrentan decisiones que cambiaran su destino para siempre. La narracion se despliega entre distintos escenarios y epocas.,https://covers.biblioteca.local/00416.jpg,1,978-0-252-05664-2,24
417,El Cielo sin castillo,Una historia que atrapa desde la primera pagina. Un texto imprescindible para comprender las tensiones de su tiempo.,https://covers.biblioteca.local/00417.jpg,1,978-1-231-22099-3,37
418,Cielo secreto,Un viaje narrativo que combina emocion e intriga en cada capitulo. Una reflexion sobre la sociedad contemporanea contada con maestria. Un texto imprescindible para comprender las tensiones de su tiempo.,https://covers.biblioteca.local/00418.jpg,3,978-0-933051-72-0,27
419,Silencioso Reino,Un clasico recomendado para lectores de todas las edades. Los personajes enfrentan decisiones que cambiaran su destino para siempre.,https://covers.biblioteca.local/00419.jpg,3,978-1-267-72233-1,13
420,El Reino tras mar,"Considerada una de las obras mas influyentes de su genero. Una trama envolvente que mezcla drama, misterio y superacion personal.",https://covers.biblioteca.local/00420.jpg,3,978-1-04-633312-3,36
421,El Espejo tras rio,Un relato profundo sobre las relaciones humanas y el paso del tiempo. Un viaje narrativo que combina emocion e intriga en cada capitulo. Un clasico recomendado para lectores de todas las edades.,https://covers.biblioteca.local/00421.jpg,5,978-1-57366-096-9,32
422,La puente del cronicas,Un relato profundo sobre las relaciones humanas y el paso del tiempo. Los personajes enfrentan decisiones que cambiaran su destino para siempre.,https://covers.biblioteca.local/00422.jpg,3,978-1-9998808-1-1,40
423,El Viaje en umbral,Una reflexion sobre la sociedad contemporanea contada con maestria. Un clasico recomendado para lectores de todas las edades. Los personajes enfrentan decisiones que cambiaran su destino para siempre.,https://covers.biblioteca.local/00423.jpg,3,978-1-03-886086-6,38
424,Reino ultimo 7,Un viaje narrativo que combina emocion e intriga en cada capitulo. La narracion se despliega entre distintos escenarios y epocas.,https://covers.biblioteca.local/00424.jpg,2,978-0-476-44726-4,28
425,La umbral y el destino 7,"Una trama envolvente que mezcla drama, misterio y superacion personal. Considerada una de las obras mas influyentes de su genero. Un relato profundo sobre las relaciones humanas y el paso del tiempo.",https://covers.biblioteca.local/00425.jpg,2,978-0-8277-1812-8,12
426,El Sueno del cielo,Los personajes enfrentan decisiones que cambiaran su destino para siempre. La narracion se despliega entre distintos escenarios y epocas.,https://covers.biblioteca.local/00426.jpg,2,978-1-65702-793-0,5
427,El Jardin sin fuego,Un clasico recomendado para lectores de todas las edades. Un texto imprescindible para comprender las tensiones de su tiempo.,https://covers.biblioteca.local/00427.jpg,4,978-0-452-11175-2,26
428,Oscuro Cielo,"Considerada una de las obras mas influyentes de su genero. Un texto imprescindible para comprender las tensiones de su tiempo. Una trama envolvente que mezcla drama, misterio y superacion personal.",https://covers.biblioteca.local/00428.jpg,1,978-1-892686-02-2,10
429,La horizonte del mar,"La obra explora temas de identidad, perdida y esperanza. Una trama envolvente que mezcla drama, misterio y superacion personal. Considerada una de las obras mas influyentes de su genero.",https://covers.biblioteca.local/00429.jpg,2,978-0-222-06447-9,33
430,El Horizonte en corazon,La narracion se despliega entre distintos escenarios y epocas. Un viaje narrativo que combina emocion e intriga en cada capitulo.,https://covers.biblioteca.local/00430.jpg,2,978-0-12-309407-0,40
431,Sagrado Castillo,"La obra explora temas de identidad, perdida y esperanza. Un texto imprescindible para comprender las tensiones de su tiempo. Un clasico recomendado para lectores de todas las edades.",https://covers.biblioteca.local/00431.jpg,3,978-1-80973-397-9,37
432,Prohibido Puente,"Un viaje narrativo que combina emocion e intriga en cada capitulo. Una trama envolvente que mezcla drama, misterio y superacion personal.",https://covers.biblioteca.local/00432.jpg,4,978-1-71990-384-4,15
433,El Sueno en secreto,La narracion se despliega entre distintos escenarios y epocas. Un viaje narrativo que combina emocion e intriga en cada capitulo.,https://covers.biblioteca.local/00433.jpg,3,978-0-220-50209-6,34
434,La horizonte y el destino,Una historia que atrapa desde la primera pagina. La narracion se despliega entre distintos escenarios y epocas.,https://covers.biblioteca.local/00434.jpg,2,978-1-101-62249-0,21
435,El Legado sin fuego,Un texto imprescindible para comprender las tensiones de su tiempo. Los personajes enfrentan decisiones que cambiaran su destino para siempre. Un clasico recomendado para lectores de todas las edades.,https://covers.biblioteca.local/00435.jpg,5,978-1-950145-56-0,35
436,Salvaje Fuego,Una reflexion sobre la sociedad contemporanea contada con maestria. Un clasico recomendado para lectores de todas las edades. Un relato profundo sobre las relaciones humanas y el paso del tiempo.,https://covers.biblioteca.local/00436.jpg,1,978-1-81472-145-9,34
437,La horizonte del corazon,"Una reflexion sobre la sociedad contemporanea contada con maestria. Un texto imprescindible para comprender las tensiones de su tiempo. Una trama envolvente que mezcla drama, misterio y superacion personal.",https://covers.biblioteca.local/00437.jpg,2,978-0-390-19817-4,31
438,El Corazon del destino,Un viaje narrativo que combina emocion e intriga en cada capitulo. Un relato profundo sobre las relaciones humanas y el paso del tiempo.,https://covers.biblioteca.local/00438.jpg,1,978-1-954899-52-0,33
439,La viaje del reino,Una reflexion sobre la sociedad contemporanea contada con maestria. Un clasico recomendado para lectores de todas las edades.,https://covers.biblioteca.local/00439.jpg,2,978-1-72934-301-2,8
440,Infinito Laberinto,"Una trama envolvente que mezcla drama, misterio y superacion personal. La narracion se despliega entre distintos escenarios y epocas.",https://covers.biblioteca.local/00440.jpg,4,978-1-139-66055-6,31
441,Viaje silencioso,Una historia que atrapa desde la primera pagina. Un viaje narrativo que combina emocion e intriga en cada capitulo. Un texto imprescindible para comprender las tensiones de su tiempo.,https://covers.biblioteca.local/00441.jpg,1,978-0-344-14488-2,9
442,Perdido Fuego,"Un clasico recomendado para lectores de todas las edades. La obra explora temas de identidad, perdida y esperanza.",https://covers.biblioteca.local/00442.jpg,3,978-0-15-569902-1,4
443,Invisible Reino,Un clasico recomendado para lectores de todas las edades. Un texto imprescindible para comprender las tensiones de su tiempo. Una historia que atrapa desde la primera pagina.,https://covers.biblioteca.local/00443.jpg,1,978-1-57702-727-0,19
444,El Viaje y el desierto,"Una trama envolvente que mezcla drama, misterio y superacion personal. La obra explora temas de identidad, perdida y esperanza. Un viaje narrativo que combina emocion e intriga en cada capitulo.",https://covers.biblioteca.local/00444.jpg,1,978-1-60849-588-7,27
445,La reino tras cronicas 7,Un clasico recomendado para lectores de todas las edades. Un texto imprescindible para comprender las tensiones de su tiempo. Un relato profundo sobre las relaciones humanas y el paso del tiempo.,https://covers.biblioteca.local/00445.jpg,2,978-0-9551240-5-1,15
446,Horizonte perdido,Una historia que atrapa desde la primera pagina. Un viaje narrativo que combina emocion e intriga en cada capitulo.,https://covers.biblioteca.local/00446.jpg,1,978-0-9962914-5-3,34
447,Castillo eterno,"Una trama envolvente que mezcla drama, misterio y superacion personal. Un clasico recomendado para lectores de todas las edades.",https://covers.biblioteca.local/00447.jpg,2,978-1-61735-743-5,39
448,El Cielo sin bosque,"Una trama envolvente que mezcla drama, misterio y superacion personal. La narracion se despliega entre distintos escenarios y epocas.",https://covers.biblioteca.local/00448.jpg,1,978-0-15-031780-7,9
449,El Cronicas tras silencio,Una reflexion sobre la sociedad contemporanea contada con maestria. Una historia que atrapa desde la primera pagina. Considerada una de las obras mas influyentes de su genero.,https://covers.biblioteca.local/00449.jpg,1,978-0-357-84521-9,28
450,Prohibido Horizonte,Un clasico recomendado para lectores de todas las edades. Un texto imprescindible para comprender las tensiones de su tiempo. Un relato profundo sobre las relaciones humanas y el paso del tiempo.,https://covers.biblioteca.local/00450.jpg,1,978-0-07-681040-6,28
451,Invisible Umbral,Un relato profundo sobre las relaciones humanas y el paso del tiempo. Los personajes enfrentan decisiones que cambiaran su destino para siempre.,https://covers.biblioteca.local/00451.jpg,2,978-1-70184-094-2,39
452,Sueno roto,Un texto imprescindible para comprender las tensiones de su tiempo. Una historia que atrapa desde la primera pagina.,https://covers.biblioteca.local/00452.jpg,1,978-1-334-48571-8,37
453,El Corazon de horizonte,Un texto imprescindible para comprender las tensiones de su tiempo. Una reflexion sobre la sociedad contemporanea contada con maestria.,https://covers.biblioteca.local/00453.jpg,2,978-0-241-09881-3,27
454,La bosque del silencio,Los personajes enfrentan decisiones que cambiaran su destino para siempre. Considerada una de las obras mas influyentes de su genero. El autor construye un mundo lleno de detalles y matices inolvidables.,https://covers.biblioteca.local/00454.jpg,1,978-1-85424-932-6,37
455,La desierto en cronicas,Un viaje narrativo que combina emocion e intriga en cada capitulo. El autor construye un mundo lleno de detalles y matices inolvidables. Considerada una de las obras mas influyentes de su genero.,https://covers.biblioteca.local/00455.jpg,2,978-1-958702-07-9,36
456,Sueno lejano 7,"Un texto imprescindible para comprender las tensiones de su tiempo. La obra explora temas de identidad, perdida y esperanza. Un relato profundo sobre las relaciones humanas y el paso del tiempo.",https://covers.biblioteca.local/00456.jpg,1,978-0-601-66299-9,15
457,Legado silencioso,Un viaje narrativo que combina emocion e intriga en cada capitulo. Considerada una de las obras mas influyentes de su genero.,https://covers.biblioteca.local/00457.jpg,1,978-1-4538-1792-6,26
458,La cielo sin legado,"La obra explora temas de identidad, perdida y esperanza. El autor construye un mundo lleno de detalles y matices inolvidables.",https://covers.biblioteca.local/00458.jpg,3,978-1-174-77332-7,1
459,El Castillo y el desierto,Un relato profundo sobre las relaciones humanas y el paso del tiempo. Un texto imprescindible para comprender las tensiones de su tiempo. Los personajes enfrentan decisiones que cambiaran su destino para siempre.,https://covers.biblioteca.local/00459.jpg,3,978-1-62557-701-6,15
460,La rio sin camino,El autor construye un mundo lleno de detalles y matices inolvidables. Un clasico recomendado para lectores de todas las edades. Considerada una de las obras mas influyentes de su genero.,https://covers.biblioteca.local/00460.jpg,1,978-0-577-24599-8,19
461,El Reino tras umbral,Una historia que atrapa desde la primera pagina. Un viaje narrativo que combina emocion e intriga en cada capitulo. Considerada una de las obras mas influyentes de su genero.,https://covers.biblioteca.local/00461.jpg,2,978-0-615-81487-2,19
462,Oscuro Desierto,"Un clasico recomendado para lectores de todas las edades. La obra explora temas de identidad, perdida y esperanza.",https://covers.biblioteca.local/00462.jpg,3,978-1-393-82761-0,3
463,La secreto tras jardin,Un relato profundo sobre las relaciones humanas y el paso del tiempo. Los personajes enfrentan decisiones que cambiaran su destino para siempre.,https://covers.biblioteca.local/00463.jpg,2,978-0-9669583-2-4,26
464,La cronicas y el horizonte,Considerada una de las obras mas influyentes de su genero. Una historia que atrapa desde la primera pagina.,https://covers.biblioteca.local/00464.jpg,3,978-1-199-75817-0,5
465,El Cielo en cielo,Una reflexion sobre la sociedad contemporanea contada con maestria. Los personajes enfrentan decisiones que cambiaran su destino para siempre. Un viaje narrativo que combina emocion e intriga en cada capitulo.,https://covers.biblioteca.local/00465.jpg,2,978-1-61919-657-5,39
466,Escondido Horizonte,"Los personajes enfrentan decisiones que cambiaran su destino para siempre. La obra explora temas de identidad, perdida y esperanza.",https://covers.biblioteca.local/00466.jpg,1,978-0-329-02278-5,27
467,El Cielo de corazon,Una reflexion sobre la sociedad contemporanea contada con maestria. Un relato profundo sobre las relaciones humanas y el paso del tiempo. Considerada una de las obras mas influyentes de su genero.,https://covers.biblioteca.local/00467.jpg,3,978-1-997335-49-8,17
468,La legado y el horizonte,"Un viaje narrativo que combina emocion e intriga en cada capitulo. Una reflexion sobre la sociedad contemporanea contada con maestria. Una trama envolvente que mezcla drama, misterio y superacion personal.",https://covers.biblioteca.local/00468.jpg,1,978-1-5190-9862-7,30
469,El Umbral de sueno,El autor construye un mundo lleno de detalles y matices inolvidables. La narracion se despliega entre distintos escenarios y epocas.,https://covers.biblioteca.local/00469.jpg,3,978-0-580-08514-7,15
470,Profundo Silencio,Considerada una de las obras mas influyentes de su genero. Un texto imprescindible para comprender las tensiones de su tiempo. Una historia que atrapa desde la primera pagina.,https://covers.biblioteca.local/00470.jpg,2,978-0-696-56666-0,17
471,Lejano Rio,La narracion se despliega entre distintos escenarios y epocas. Una reflexion sobre la sociedad contemporanea contada con maestria. Un relato profundo sobre las relaciones humanas y el paso del tiempo.,https://covers.biblioteca.local/00471.jpg,3,978-0-7238-6562-9,36
472,Prohibido Laberinto,Un viaje narrativo que combina emocion e intriga en cada capitulo. Un clasico recomendado para lectores de todas las edades. Los personajes enfrentan decisiones que cambiaran su destino para siempre.,https://covers.biblioteca.local/00472.jpg,2,978-0-201-02762-4,12
473,Prohibido Viaje,Un texto imprescindible para comprender las tensiones de su tiempo. Un viaje narrativo que combina emocion e intriga en cada capitulo.,https://covers.biblioteca.local/00473.jpg,5,978-0-679-69278-2,17
474,Antiguo Castillo 3,Un relato profundo sobre las relaciones humanas y el paso del tiempo. La narracion se despliega entre distintos escenarios y epocas.,https://covers.biblioteca.local/00474.jpg,5,978-1-65326-909-9,32
475,El Cielo de umbral,"Un clasico recomendado para lectores de todas las edades. Una reflexion sobre la sociedad contemporanea contada con maestria. Una trama envolvente que mezcla drama, misterio y superacion personal.",https://covers.biblioteca.local/00475.jpg,1,978-0-8468-9500-8,37
476,La umbral del corazon,El autor construye un mundo lleno de detalles y matices inolvidables. Un viaje narrativo que combina emocion e intriga en cada capitulo. Un clasico recomendado para lectores de todas las edades.,https://covers.biblioteca.local/00476.jpg,4,978-1-197-12847-0,9
477,El Corazon y el umbral,Considerada una de las obras mas influyentes de su genero. Una reflexion sobre la sociedad contemporanea contada con maestria.,https://covers.biblioteca.local/00477.jpg,1,978-0-371-89490-3,26
478,Laberinto ultimo 2,El autor construye un mundo lleno de detalles y matices inolvidables. Un clasico recomendado para lectores de todas las edades.,https://covers.biblioteca.local/00478.jpg,2,978-0-7787-9565-0,7
479,La puente sin sueno,Considerada una de las obras mas influyentes de su genero. Los personajes enfrentan decisiones que cambiaran su destino para siempre.,https://covers.biblioteca.local/00479.jpg,4,978-1-209-49407-4,16
480,La umbral sin laberinto,"La obra explora temas de identidad, perdida y esperanza. Una trama envolvente que mezcla drama, misterio y superacion personal. El autor construye un mundo lleno de detalles y matices inolvidables.",https://covers.biblioteca.local/00480.jpg,1,978-0-490-47128-3,14
481,Legado antiguo,"El autor construye un mundo lleno de detalles y matices inolvidables. Los personajes enfrentan decisiones que cambiaran su destino para siempre. Una trama envolvente que mezcla drama, misterio y superacion personal.",https://covers.biblioteca.local/00481.jpg,2,978-1-4294-4401-9,12
482,Dorado Bosque,Un viaje narrativo que combina emocion e intriga en cada capitulo. Considerada una de las obras mas influyentes de su genero. El autor construye un mundo lleno de detalles y matices inolvidables.,https://covers.biblioteca.local/00482.jpg,1,978-0-7524-3728-6,25
483,Perdido Castillo,"Una historia que atrapa desde la primera pagina. La obra explora temas de identidad, perdida y esperanza. El autor construye un mundo lleno de detalles y matices inolvidables.",https://covers.biblioteca.local/00483.jpg,4,978-1-129-27663-7,32
484,La umbral en sueno 2,"Un relato profundo sobre las relaciones humanas y el paso del tiempo. La obra explora temas de identidad, perdida y esperanza. Una historia que atrapa desde la primera pagina.",https://covers.biblioteca.local/00484.jpg,3,978-0-395-04102-4,14
485,La umbral tras bosque,Un texto imprescindible para comprender las tensiones de su tiempo. Una reflexion sobre la sociedad contemporanea contada con maestria. Los personajes enfrentan decisiones que cambiaran su destino para siempre.,https://covers.biblioteca.local/00485.jpg,4,978-1-74783-667-1,24
486,La cielo sin sueno,Una historia que atrapa desde la primera pagina. El autor construye un mundo lleno de detalles y matices inolvidables. Un relato profundo sobre las relaciones humanas y el paso del tiempo.,https://covers.biblioteca.local/00486.jpg,2,978-0-86047-658-0,23
487,Silencioso Espejo,Una reflexion sobre la sociedad contemporanea contada con maestria. La narracion se despliega entre distintos escenarios y epocas. Considerada una de las obras mas influyentes de su genero.,https://covers.biblioteca.local/00487.jpg,2,978-0-85694-544-1,32
488,Rio salvaje,"Una trama envolvente que mezcla drama, misterio y superacion personal. La narracion se despliega entre distintos escenarios y epocas. La obra explora temas de identidad, perdida y esperanza.",https://covers.biblioteca.local/00488.jpg,2,978-1-967393-85-5,11
489,La silencio tras desierto,"Un relato profundo sobre las relaciones humanas y el paso del tiempo. Un texto imprescindible para comprender las tensiones de su tiempo. La obra explora temas de identidad, perdida y esperanza.",https://covers.biblioteca.local/00489.jpg,5,978-1-80010-618-5,22
490,Profundo Laberinto,Un texto imprescindible para comprender las tensiones de su tiempo. Los personajes enfrentan decisiones que cambiaran su destino para siempre. Un clasico recomendado para lectores de todas las edades.,https://covers.biblioteca.local/00490.jpg,1,978-1-5344-3009-9,26
491,La destino en mar,"El autor construye un mundo lleno de detalles y matices inolvidables. La obra explora temas de identidad, perdida y esperanza. La narracion se despliega entre distintos escenarios y epocas.",https://covers.biblioteca.local/00491.jpg,3,978-0-939111-92-3,2
492,La legado tras rio 5,El autor construye un mundo lleno de detalles y matices inolvidables. Un relato profundo sobre las relaciones humanas y el paso del tiempo.,https://covers.biblioteca.local/00492.jpg,2,978-0-12-447174-0,7
493,El Umbral sin camino,El autor construye un mundo lleno de detalles y matices inolvidables. Considerada una de las obras mas influyentes de su genero.,https://covers.biblioteca.local/00493.jpg,2,978-1-4214-0665-7,6
494,El Sueno sin castillo,La narracion se despliega entre distintos escenarios y epocas. El autor construye un mundo lleno de detalles y matices inolvidables.,https://covers.biblioteca.local/00494.jpg,1,978-1-4271-7396-6,20
495,Dorado Espejo,"La narracion se despliega entre distintos escenarios y epocas. La obra explora temas de identidad, perdida y esperanza. Un texto imprescindible para comprender las tensiones de su tiempo.",https://covers.biblioteca.local/00495.jpg,1,978-1-128-63917-4,34
496,La laberinto y el destino 6,"La obra explora temas de identidad, perdida y esperanza. Considerada una de las obras mas influyentes de su genero. Un texto imprescindible para comprender las tensiones de su tiempo.",https://covers.biblioteca.local/00496.jpg,2,978-0-01-194707-5,38
497,Fuego infinito,"Una reflexion sobre la sociedad contemporanea contada con maestria. Una trama envolvente que mezcla drama, misterio y superacion personal. Considerada una de las obras mas influyentes de su genero.",https://covers.biblioteca.local/00497.jpg,5,978-0-06-425690-2,15
498,El Destino en puente,"Los personajes enfrentan decisiones que cambiaran su destino para siempre. La obra explora temas de identidad, perdida y esperanza. Un texto imprescindible para comprender las tensiones de su tiempo.",https://covers.biblioteca.local/00498.jpg,1,978-1-66183-067-0,1
499,El Corazon del puente,"Una trama envolvente que mezcla drama, misterio y superacion personal. Considerada una de las obras mas influyentes de su genero. Una historia que atrapa desde la primera pagina.",https://covers.biblioteca.local/00499.jpg,2,978-1-5460-1585-7,32
500,Espejo dorado 2,Un viaje narrativo que combina emocion e intriga en cada capitulo. El autor construye un mundo lleno de detalles y matices inolvidables. Considerada una de las obras mas influyentes de su genero.,https://covers.biblioteca.local/00500.jpg,1,978-1-4328-0634-7,28
501,Secreto silencioso,El autor construye un mundo lleno de detalles y matices inolvidables. Un viaje narrativo que combina emocion e intriga en cada capitulo. Los personajes enfrentan decisiones que cambiaran su destino para siempre.,https://covers.biblioteca.local/00501.jpg,1,978-0-571-73203-6,6
502,Fuego dorado,Los personajes enfrentan decisiones que cambiaran su destino para siempre. La narracion se despliega entre distintos escenarios y epocas. Considerada una de las obras mas influyentes de su genero.,https://covers.biblioteca.local/00502.jpg,3,978-0-7618-4787-8,18
503,Viaje secreto,"La obra explora temas de identidad, perdida y esperanza. Los personajes enfrentan decisiones que cambiaran su destino para siempre.",https://covers.biblioteca.local/00503.jpg,2,978-0-505-06138-6,8
504,Desierto escondido,"Un texto imprescindible para comprender las tensiones de su tiempo. Un clasico recomendado para lectores de todas las edades. Una trama envolvente que mezcla drama, misterio y superacion personal.",https://covers.biblioteca.local/00504.jpg,2,978-0-931027-07-9,13
505,La jardin del camino,"La obra explora temas de identidad, perdida y esperanza. Un relato profundo sobre las relaciones humanas y el paso del tiempo.",https://covers.biblioteca.local/00505.jpg,2,978-0-202-04179-7,19
506,La castillo tras destino,Un viaje narrativo que combina emocion e intriga en cada capitulo. Un relato profundo sobre las relaciones humanas y el paso del tiempo.,https://covers.biblioteca.local/00506.jpg,2,978-0-11-799313-6,10
507,El Umbral del laberinto,"Los personajes enfrentan decisiones que cambiaran su destino para siempre. Una trama envolvente que mezcla drama, misterio y superacion personal. Una reflexion sobre la sociedad contemporanea contada con maestria.",https://covers.biblioteca.local/00507.jpg,1,978-1-65198-253-2,30
508,El Laberinto de castillo,Los personajes enfrentan decisiones que cambiaran su destino para siempre. El autor construye un mundo lleno de detalles y matices inolvidables.,https://covers.biblioteca.local/00508.jpg,2,978-0-511-42625-4,5
509,La horizonte de bosque 5,"Una trama envolvente que mezcla drama, misterio y superacion personal. Un viaje narrativo que combina emocion e intriga en cada capitulo. Una historia que atrapa desde la primera pagina.",https://covers.biblioteca.local/00509.jpg,2,978-1-390-21962-3,13
510,Bosque sagrado,"Una trama envolvente que mezcla drama, misterio y superacion personal. El autor construye un mundo lleno de detalles y matices inolvidables.",https://covers.biblioteca.local/00510.jpg,2,978-1-100-21946-2,20
511,La reino tras camino,"Los personajes enfrentan decisiones que cambiaran su destino para siempre. Una trama envolvente que mezcla drama, misterio y superacion personal.",https://covers.biblioteca.local/00511.jpg,1,978-0-324-87632-1,20
512,Antiguo Camino,Un relato profundo sobre las relaciones humanas y el paso del tiempo. Un viaje narrativo que combina emocion e intriga en cada capitulo.,https://covers.biblioteca.local/00512.jpg,2,978-0-7914-5608-8,28
513,La jardin del sueno,El autor construye un mundo lleno de detalles y matices inolvidables. Un viaje narrativo que combina emocion e intriga en cada capitulo.,https://covers.biblioteca.local/00513.jpg,1,978-0-18-195883-3,1
514,Antiguo Rio 5,"Una trama envolvente que mezcla drama, misterio y superacion personal. Un relato profundo sobre las relaciones humanas y el paso del tiempo.",https://covers.biblioteca.local/00514.jpg,1,978-0-403-12772-6,40
515,La fuego de camino,"La narracion se despliega entre distintos escenarios y epocas. La obra explora temas de identidad, perdida y esperanza. Considerada una de las obras mas influyentes de su genero.",https://covers.biblioteca.local/00515.jpg,1,978-0-05-436459-4,7
516,Prohibido Secreto,Considerada una de las obras mas influyentes de su genero. La narracion se despliega entre distintos escenarios y epocas. Una reflexion sobre la sociedad contemporanea contada con maestria.,https://covers.biblioteca.local/00516.jpg,2,978-0-10-822078-4,29
517,Ultimo Legado,"Una reflexion sobre la sociedad contemporanea contada con maestria. La obra explora temas de identidad, perdida y esperanza. Los personajes enfrentan decisiones que cambiaran su destino para siempre.",https://covers.biblioteca.local/00517.jpg,5,978-0-379-95635-1,3
518,Legado escondido,"Considerada una de las obras mas influyentes de su genero. Una trama envolvente que mezcla drama, misterio y superacion personal. Un viaje narrativo que combina emocion e intriga en cada capitulo.",https://covers.biblioteca.local/00518.jpg,4,978-0-531-36363-8,37
519,Sueno silencioso 3,"Una trama envolvente que mezcla drama, misterio y superacion personal. Los personajes enfrentan decisiones que cambiaran su destino para siempre.",https://covers.biblioteca.local/00519.jpg,3,978-1-970623-97-0,17
520,La destino de fuego,"Un texto imprescindible para comprender las tensiones de su tiempo. La obra explora temas de identidad, perdida y esperanza. Una historia que atrapa desde la primera pagina.",https://covers.biblioteca.local/00520.jpg,4,978-1-5273-5435-7,40
521,La desierto del laberinto,La narracion se despliega entre distintos escenarios y epocas. Considerada una de las obras mas influyentes de su genero.,https://covers.biblioteca.local/00521.jpg,3,978-0-904217-76-6,25
522,Sagrado Cronicas,"Considerada una de las obras mas influyentes de su genero. La obra explora temas de identidad, perdida y esperanza. Un clasico recomendado para lectores de todas las edades.",https://covers.biblioteca.local/00522.jpg,4,978-1-349-29298-1,19
523,La silencio tras laberinto,Un relato profundo sobre las relaciones humanas y el paso del tiempo. Considerada una de las obras mas influyentes de su genero.,https://covers.biblioteca.local/00523.jpg,2,978-0-687-39774-7,5
524,El Castillo del camino,"Un relato profundo sobre las relaciones humanas y el paso del tiempo. Una trama envolvente que mezcla drama, misterio y superacion personal.",https://covers.biblioteca.local/00524.jpg,1,978-1-335-69392-1,13
525,El Camino sin fuego,"La narracion se despliega entre distintos escenarios y epocas. Una trama envolvente que mezcla drama, misterio y superacion personal. Considerada una de las obras mas influyentes de su genero.",https://covers.biblioteca.local/00525.jpg,1,978-1-00-780686-4,40
526,La camino en secreto,Una historia que atrapa desde la primera pagina. Un viaje narrativo que combina emocion e intriga en cada capitulo.,https://covers.biblioteca.local/00526.jpg,1,978-0-7731-8063-5,32
527,El Destino tras camino,Considerada una de las obras mas influyentes de su genero. El autor construye un mundo lleno de detalles y matices inolvidables. Una reflexion sobre la sociedad contemporanea contada con maestria.,https://covers.biblioteca.local/00527.jpg,1,978-1-4310-7427-3,4
528,La corazon de rio,Un relato profundo sobre las relaciones humanas y el paso del tiempo. Un viaje narrativo que combina emocion e intriga en cada capitulo. Considerada una de las obras mas influyentes de su genero.,https://covers.biblioteca.local/00528.jpg,1,978-1-72625-701-5,7
529,El Secreto sin horizonte,Un viaje narrativo que combina emocion e intriga en cada capitulo. Considerada una de las obras mas influyentes de su genero.,https://covers.biblioteca.local/00529.jpg,3,978-1-80464-989-3,16
530,La cronicas y el legado 8,"La obra explora temas de identidad, perdida y esperanza. Un texto imprescindible para comprender las tensiones de su tiempo.",https://covers.biblioteca.local/00530.jpg,1,978-0-9508501-6-0,36
531,Escondido Puente 7,Una reflexion sobre la sociedad contemporanea contada con maestria. El autor construye un mundo lleno de detalles y matices inolvidables. La narracion se despliega entre distintos escenarios y epocas.,https://covers.biblioteca.local/00531.jpg,2,978-1-905528-18-9,21
532,La puente y el destino 8,Un texto imprescindible para comprender las tensiones de su tiempo. Una historia que atrapa desde la primera pagina.,https://covers.biblioteca.local/00532.jpg,1,978-0-538-17933-1,19
533,El Corazon del espejo,Los personajes enfrentan decisiones que cambiaran su destino para siempre. Un viaje narrativo que combina emocion e intriga en cada capitulo.,https://covers.biblioteca.local/00533.jpg,1,978-1-4864-0155-0,14
534,La jardin tras sueno,Un relato profundo sobre las relaciones humanas y el paso del tiempo. Una historia que atrapa desde la primera pagina.,https://covers.biblioteca.local/00534.jpg,5,978-1-881788-47-8,30
535,La castillo del sueno,Un clasico recomendado para lectores de todas las edades. Un viaje narrativo que combina emocion e intriga en cada capitulo. La narracion se despliega entre distintos escenarios y epocas.,https://covers.biblioteca.local/00535.jpg,1,978-0-371-16241-5,17
536,La rio sin horizonte,Un texto imprescindible para comprender las tensiones de su tiempo. Un relato profundo sobre las relaciones humanas y el paso del tiempo.,https://covers.biblioteca.local/00536.jpg,2,978-0-412-72380-3,21
537,Reino prohibido,Un clasico recomendado para lectores de todas las edades. La narracion se despliega entre distintos escenarios y epocas.,https://covers.biblioteca.local/00537.jpg,1,978-1-82756-704-4,20
538,El Mar y el rio,Una reflexion sobre la sociedad contemporanea contada con maestria. Un texto imprescindible para comprender las tensiones de su tiempo.,https://covers.biblioteca.local/00538.jpg,2,978-0-03-856955-7,28
539,Bosque dorado,La narracion se despliega entre distintos escenarios y epocas. Un texto imprescindible para comprender las tensiones de su tiempo.,https://covers.biblioteca.local/00539.jpg,1,978-1-74924-243-2,25
540,El Espejo sin camino,"Considerada una de las obras mas influyentes de su genero. Un clasico recomendado para lectores de todas las edades. La obra explora temas de identidad, perdida y esperanza.",https://covers.biblioteca.local/00540.jpg,1,978-1-4025-4729-4,21
541,Destino sagrado 3,El autor construye un mundo lleno de detalles y matices inolvidables. Los personajes enfrentan decisiones que cambiaran su destino para siempre.,https://covers.biblioteca.local/00541.jpg,5,978-1-222-23105-2,26
542,Perdido Laberinto,"Una trama envolvente que mezcla drama, misterio y superacion personal. Un clasico recomendado para lectores de todas las edades.",https://covers.biblioteca.local/00542.jpg,1,978-1-4523-8055-1,4
543,Sueno secreto,"Considerada una de las obras mas influyentes de su genero. El autor construye un mundo lleno de detalles y matices inolvidables. La obra explora temas de identidad, perdida y esperanza.",https://covers.biblioteca.local/00543.jpg,3,978-1-78284-106-7,9
544,Cielo roto,El autor construye un mundo lleno de detalles y matices inolvidables. La narracion se despliega entre distintos escenarios y epocas. Un clasico recomendado para lectores de todas las edades.,https://covers.biblioteca.local/00544.jpg,3,978-0-7520-8854-9,13
545,Dorado Rio,El autor construye un mundo lleno de detalles y matices inolvidables. Una reflexion sobre la sociedad contemporanea contada con maestria. Un clasico recomendado para lectores de todas las edades.,https://covers.biblioteca.local/00545.jpg,1,978-1-929751-70-9,6
546,El Cronicas y el silencio,Una reflexion sobre la sociedad contemporanea contada con maestria. Un viaje narrativo que combina emocion e intriga en cada capitulo. Un texto imprescindible para comprender las tensiones de su tiempo.,https://covers.biblioteca.local/00546.jpg,2,978-0-406-93751-3,23
547,El Espejo del puente,"Un clasico recomendado para lectores de todas las edades. La obra explora temas de identidad, perdida y esperanza. Una trama envolvente que mezcla drama, misterio y superacion personal.",https://covers.biblioteca.local/00547.jpg,1,978-0-939834-30-3,3
548,Roto Cronicas,"La obra explora temas de identidad, perdida y esperanza. Un relato profundo sobre las relaciones humanas y el paso del tiempo. La narracion se despliega entre distintos escenarios y epocas.",https://covers.biblioteca.local/00548.jpg,2,978-1-186-37599-1,4
549,El Laberinto tras bosque 6,"Una trama envolvente que mezcla drama, misterio y superacion personal. Una historia que atrapa desde la primera pagina. Una reflexion sobre la sociedad contemporanea contada con maestria.",https://covers.biblioteca.local/00549.jpg,3,978-1-62656-504-3,14
550,Roto Cielo,"Considerada una de las obras mas influyentes de su genero. Una trama envolvente que mezcla drama, misterio y superacion personal. Un clasico recomendado para lectores de todas las edades.",https://covers.biblioteca.local/00550.jpg,5,978-1-4781-3767-2,10
551,El Horizonte sin cronicas,"Los personajes enfrentan decisiones que cambiaran su destino para siempre. La obra explora temas de identidad, perdida y esperanza.",https://covers.biblioteca.local/00551.jpg,4,978-0-662-99123-6,4
552,La viaje tras desierto,"Una historia que atrapa desde la primera pagina. Una trama envolvente que mezcla drama, misterio y superacion personal. Un texto imprescindible para comprender las tensiones de su tiempo.",https://covers.biblioteca.local/00552.jpg,1,978-1-85196-106-1,5
553,Cronicas invisible,Un relato profundo sobre las relaciones humanas y el paso del tiempo. Una historia que atrapa desde la primera pagina. Los personajes enfrentan decisiones que cambiaran su destino para siempre.,https://covers.biblioteca.local/00553.jpg,1,978-1-287-92326-8,25
554,El Laberinto y el desierto 3,Un viaje narrativo que combina emocion e intriga en cada capitulo. Considerada una de las obras mas influyentes de su genero.,https://covers.biblioteca.local/00554.jpg,1,978-1-04-947873-9,30
555,El Camino del corazon,"Una reflexion sobre la sociedad contemporanea contada con maestria. Una trama envolvente que mezcla drama, misterio y superacion personal. El autor construye un mundo lleno de detalles y matices inolvidables.",https://covers.biblioteca.local/00555.jpg,3,978-0-244-71462-8,11
556,El Puente tras puente,La narracion se despliega entre distintos escenarios y epocas. Los personajes enfrentan decisiones que cambiaran su destino para siempre. Un viaje narrativo que combina emocion e intriga en cada capitulo.,https://covers.biblioteca.local/00556.jpg,1,978-0-01-471959-4,33
557,La camino tras sueno,Una historia que atrapa desde la primera pagina. Considerada una de las obras mas influyentes de su genero. Los personajes enfrentan decisiones que cambiaran su destino para siempre.,https://covers.biblioteca.local/00557.jpg,2,978-1-4715-8904-1,15
558,Profundo Horizonte,Un relato profundo sobre las relaciones humanas y el paso del tiempo. El autor construye un mundo lleno de detalles y matices inolvidables.,https://covers.biblioteca.local/00558.jpg,5,978-0-257-25204-9,34
559,Infinito Secreto,El autor construye un mundo lleno de detalles y matices inolvidables. Los personajes enfrentan decisiones que cambiaran su destino para siempre.,https://covers.biblioteca.local/00559.jpg,3,978-1-5044-8183-0,39
560,Perdido Mar 5,Los personajes enfrentan decisiones que cambiaran su destino para siempre. Considerada una de las obras mas influyentes de su genero.,https://covers.biblioteca.local/00560.jpg,3,978-0-928554-45-8,9
561,Castillo silencioso,Un relato profundo sobre las relaciones humanas y el paso del tiempo. Considerada una de las obras mas influyentes de su genero. La narracion se despliega entre distintos escenarios y epocas.,https://covers.biblioteca.local/00561.jpg,5,978-1-202-84576-7,8
562,Profundo Castillo,Una reflexion sobre la sociedad contemporanea contada con maestria. El autor construye un mundo lleno de detalles y matices inolvidables.,https://covers.biblioteca.local/00562.jpg,2,978-0-13-283389-9,27
563,La destino tras fuego,"La obra explora temas de identidad, perdida y esperanza. Un viaje narrativo que combina emocion e intriga en cada capitulo. Un relato profundo sobre las relaciones humanas y el paso del tiempo.",https://covers.biblioteca.local/00563.jpg,2,978-1-71120-754-4,9
564,Ultimo Desierto,Un clasico recomendado para lectores de todas las edades. Un texto imprescindible para comprender las tensiones de su tiempo. La narracion se despliega entre distintos escenarios y epocas.,https://covers.biblioteca.local/00564.jpg,2,978-0-7985-2401-8,15
565,El Puente de legado 9,Considerada una de las obras mas influyentes de su genero. Un clasico recomendado para lectores de todas las edades.,https://covers.biblioteca.local/00565.jpg,1,978-0-234-23216-3,31
566,La reino y el umbral,"La obra explora temas de identidad, perdida y esperanza. Un texto imprescindible para comprender las tensiones de su tiempo. Un viaje narrativo que combina emocion e intriga en cada capitulo.",https://covers.biblioteca.local/00566.jpg,1,978-0-07-603108-5,15
567,El Silencio de sueno,Un viaje narrativo que combina emocion e intriga en cada capitulo. La narracion se despliega entre distintos escenarios y epocas. Un texto imprescindible para comprender las tensiones de su tiempo.,https://covers.biblioteca.local/00567.jpg,1,978-1-140-14011-5,14
568,El Reino y el desierto,"Un texto imprescindible para comprender las tensiones de su tiempo. Una reflexion sobre la sociedad contemporanea contada con maestria. Una trama envolvente que mezcla drama, misterio y superacion personal.",https://covers.biblioteca.local/00568.jpg,5,978-0-250-12495-4,16
569,Horizonte oscuro,Un texto imprescindible para comprender las tensiones de su tiempo. Una reflexion sobre la sociedad contemporanea contada con maestria. El autor construye un mundo lleno de detalles y matices inolvidables.,https://covers.biblioteca.local/00569.jpg,2,978-0-89389-119-0,40
570,El Corazon de destino,Una historia que atrapa desde la primera pagina. Un viaje narrativo que combina emocion e intriga en cada capitulo. Considerada una de las obras mas influyentes de su genero.,https://covers.biblioteca.local/00570.jpg,1,978-0-342-80138-1,35
571,Camino salvaje,Un viaje narrativo que combina emocion e intriga en cada capitulo. Los personajes enfrentan decisiones que cambiaran su destino para siempre.,https://covers.biblioteca.local/00571.jpg,4,978-1-927125-66-3,29
572,Reino infinito 6,Un texto imprescindible para comprender las tensiones de su tiempo. Considerada una de las obras mas influyentes de su genero.,https://covers.biblioteca.local/00572.jpg,2,978-0-615-17182-1,10
573,Fuego escondido,Un texto imprescindible para comprender las tensiones de su tiempo. Considerada una de las obras mas influyentes de su genero.,https://covers.biblioteca.local/00573.jpg,1,978-1-4801-5716-3,8
574,Perdido Horizonte,"Una reflexion sobre la sociedad contemporanea contada con maestria. Una trama envolvente que mezcla drama, misterio y superacion personal. Una historia que atrapa desde la primera pagina.",https://covers.biblioteca.local/00574.jpg,3,978-1-947386-46-4,12
575,Mar roto,Un relato profundo sobre las relaciones humanas y el paso del tiempo. Los personajes enfrentan decisiones que cambiaran su destino para siempre. Una reflexion sobre la sociedad contemporanea contada con maestria.,https://covers.biblioteca.local/00575.jpg,3,978-0-7520-7167-1,11
576,El Rio de legado,La narracion se despliega entre distintos escenarios y epocas. Una reflexion sobre la sociedad contemporanea contada con maestria. Un relato profundo sobre las relaciones humanas y el paso del tiempo.,https://covers.biblioteca.local/00576.jpg,2,978-0-266-91215-6,34
577,Corazon silencioso,Considerada una de las obras mas influyentes de su genero. El autor construye un mundo lleno de detalles y matices inolvidables. Una historia que atrapa desde la primera pagina.,https://covers.biblioteca.local/00577.jpg,4,978-1-396-13674-0,11
578,La mar tras castillo,"La obra explora temas de identidad, perdida y esperanza. Un texto imprescindible para comprender las tensiones de su tiempo.",https://covers.biblioteca.local/00578.jpg,2,978-1-57967-842-5,4
579,Espejo silencioso 3,Un viaje narrativo que combina emocion e intriga en cada capitulo. Una historia que atrapa desde la primera pagina.,https://covers.biblioteca.local/00579.jpg,1,978-0-14-773201-9,40
580,La jardin y el umbral,Considerada una de las obras mas influyentes de su genero. Una historia que atrapa desde la primera pagina. Un clasico recomendado para lectores de todas las edades.,https://covers.biblioteca.local/00580.jpg,3,978-0-7026-9524-7,32
581,Roto Mar,"Una trama envolvente que mezcla drama, misterio y superacion personal. El autor construye un mundo lleno de detalles y matices inolvidables. Un texto imprescindible para comprender las tensiones de su tiempo.",https://covers.biblioteca.local/00581.jpg,2,978-0-87734-778-1,6
582,El Secreto sin sueno,"Una historia que atrapa desde la primera pagina. La obra explora temas de identidad, perdida y esperanza.",https://covers.biblioteca.local/00582.jpg,3,978-1-880061-67-1,10
583,El Fuego en camino,Una historia que atrapa desde la primera pagina. La narracion se despliega entre distintos escenarios y epocas.,https://covers.biblioteca.local/00583.jpg,3,978-1-77002-842-5,37
584,La laberinto de camino,"El autor construye un mundo lleno de detalles y matices inolvidables. La obra explora temas de identidad, perdida y esperanza.",https://covers.biblioteca.local/00584.jpg,1,978-1-246-71978-9,11
585,La desierto tras legado,"Una trama envolvente que mezcla drama, misterio y superacion personal. Un clasico recomendado para lectores de todas las edades.",https://covers.biblioteca.local/00585.jpg,2,978-1-82806-479-5,24
586,El Rio en laberinto,El autor construye un mundo lleno de detalles y matices inolvidables. Un relato profundo sobre las relaciones humanas y el paso del tiempo. Un texto imprescindible para comprender las tensiones de su tiempo.,https://covers.biblioteca.local/00586.jpg,3,978-1-4500-9025-4,36
587,El Espejo y el castillo,Un texto imprescindible para comprender las tensiones de su tiempo. Los personajes enfrentan decisiones que cambiaran su destino para siempre.,https://covers.biblioteca.local/00587.jpg,3,978-0-561-65565-9,22
588,Corazon roto,Un clasico recomendado para lectores de todas las edades. Una historia que atrapa desde la primera pagina.,https://covers.biblioteca.local/00588.jpg,4,978-0-334-91141-8,7
589,El Umbral tras legado,El autor construye un mundo lleno de detalles y matices inolvidables. Un clasico recomendado para lectores de todas las edades. Una reflexion sobre la sociedad contemporanea contada con maestria.,https://covers.biblioteca.local/00589.jpg,5,978-0-08-507698-5,17
590,La castillo sin mar,"Considerada una de las obras mas influyentes de su genero. La narracion se despliega entre distintos escenarios y epocas. Una trama envolvente que mezcla drama, misterio y superacion personal.",https://covers.biblioteca.local/00590.jpg,2,978-1-07-905696-9,32
591,Dorado Legado,Un viaje narrativo que combina emocion e intriga en cada capitulo. Una historia que atrapa desde la primera pagina. Un relato profundo sobre las relaciones humanas y el paso del tiempo.,https://covers.biblioteca.local/00591.jpg,1,978-0-7135-7852-2,2
592,Fuego eterno,Un clasico recomendado para lectores de todas las edades. El autor construye un mundo lleno de detalles y matices inolvidables.,https://covers.biblioteca.local/00592.jpg,1,978-1-63718-344-1,27
593,El Laberinto en cielo,Una historia que atrapa desde la primera pagina. La narracion se despliega entre distintos escenarios y epocas.,https://covers.biblioteca.local/00593.jpg,1,978-1-963919-19-6,13
594,La sueno de espejo,Considerada una de las obras mas influyentes de su genero. Un texto imprescindible para comprender las tensiones de su tiempo. Una reflexion sobre la sociedad contemporanea contada con maestria.,https://covers.biblioteca.local/00594.jpg,1,978-1-198-76351-9,1
595,El Cronicas en laberinto,Un texto imprescindible para comprender las tensiones de su tiempo. Un clasico recomendado para lectores de todas las edades. La narracion se despliega entre distintos escenarios y epocas.,https://covers.biblioteca.local/00595.jpg,2,978-1-68536-649-0,2
596,Roto Laberinto,"La narracion se despliega entre distintos escenarios y epocas. Una trama envolvente que mezcla drama, misterio y superacion personal. Un texto imprescindible para comprender las tensiones de su tiempo.",https://covers.biblioteca.local/00596.jpg,1,978-0-08-297374-4,3
597,Prohibido Castillo,"Considerada una de las obras mas influyentes de su genero. Una reflexion sobre la sociedad contemporanea contada con maestria. Una trama envolvente que mezcla drama, misterio y superacion personal.",https://covers.biblioteca.local/00597.jpg,1,978-0-8357-2324-4,27
598,El Corazon en mar,Considerada una de las obras mas influyentes de su genero. Un texto imprescindible para comprender las tensiones de su tiempo. Una historia que atrapa desde la primera pagina.,https://covers.biblioteca.local/00598.jpg,1,978-1-5136-4424-0,14
599,La puente de castillo,Una historia que atrapa desde la primera pagina. Una reflexion sobre la sociedad contemporanea contada con maestria. El autor construye un mundo lleno de detalles y matices inolvidables.,https://covers.biblioteca.local/00599.jpg,3,978-1-312-30347-8,35
600,El Espejo tras laberinto 2,"El autor construye un mundo lleno de detalles y matices inolvidables. Un relato profundo sobre las relaciones humanas y el paso del tiempo. Una trama envolvente que mezcla drama, misterio y superacion personal.",https://covers.biblioteca.local/00600.jpg,2,978-1-60324-204-2,16
601,La destino en viaje,"La obra explora temas de identidad, perdida y esperanza. Un relato profundo sobre las relaciones humanas y el paso del tiempo. Una reflexion sobre la sociedad contemporanea contada con maestria.",https://covers.biblioteca.local/00601.jpg,2,978-0-07-001594-4,3
602,Secreto Destino,"Una trama envolvente que mezcla drama, misterio y superacion personal. Considerada una de las obras mas influyentes de su genero.",https://covers.biblioteca.local/00602.jpg,1,978-1-5162-3198-0,10
603,La laberinto del bosque 4,Un texto imprescindible para comprender las tensiones de su tiempo. Una historia que atrapa desde la primera pagina.,https://covers.biblioteca.local/00603.jpg,5,978-1-71391-559-1,30
604,Legado sagrado,Una historia que atrapa desde la primera pagina. Los personajes enfrentan decisiones que cambiaran su destino para siempre.,https://covers.biblioteca.local/00604.jpg,2,978-0-632-12347-6,3
605,El Laberinto y el camino,Considerada una de las obras mas influyentes de su genero. La narracion se despliega entre distintos escenarios y epocas.,https://covers.biblioteca.local/00605.jpg,3,978-1-907851-58-2,20
606,El Mar en fuego,Una reflexion sobre la sociedad contemporanea contada con maestria. Un viaje narrativo que combina emocion e intriga en cada capitulo.,https://covers.biblioteca.local/00606.jpg,5,978-1-342-57540-1,13
607,La sueno sin laberinto,La narracion se despliega entre distintos escenarios y epocas. Un relato profundo sobre las relaciones humanas y el paso del tiempo. Los personajes enfrentan decisiones que cambiaran su destino para siempre.,https://covers.biblioteca.local/00607.jpg,2,978-0-348-64518-7,10
608,Invisible Bosque,Un clasico recomendado para lectores de todas las edades. Considerada una de las obras mas influyentes de su genero.,https://covers.biblioteca.local/00608.jpg,1,978-1-60644-134-3,33
609,El Viaje sin puente,"Los personajes enfrentan decisiones que cambiaran su destino para siempre. La obra explora temas de identidad, perdida y esperanza. Un texto imprescindible para comprender las tensiones de su tiempo.",https://covers.biblioteca.local/00609.jpg,4,978-0-7560-4177-9,37
610,Silencioso Rio,Un clasico recomendado para lectores de todas las edades. Una reflexion sobre la sociedad contemporanea contada con maestria. Considerada una de las obras mas influyentes de su genero.,https://covers.biblioteca.local/00610.jpg,3,978-1-61248-156-2,29
611,El Castillo de umbral,Un relato profundo sobre las relaciones humanas y el paso del tiempo. El autor construye un mundo lleno de detalles y matices inolvidables.,https://covers.biblioteca.local/00611.jpg,1,978-1-00-272063-9,4
612,El Silencio y el reino,Un clasico recomendado para lectores de todas las edades. Una reflexion sobre la sociedad contemporanea contada con maestria. Los personajes enfrentan decisiones que cambiaran su destino para siempre.,https://covers.biblioteca.local/00612.jpg,4,978-1-911238-29-4,22
613,Secreto Legado 9,"Una trama envolvente que mezcla drama, misterio y superacion personal. Los personajes enfrentan decisiones que cambiaran su destino para siempre.",https://covers.biblioteca.local/00613.jpg,4,978-1-77242-954-1,30
614,Secreto dorado,Un clasico recomendado para lectores de todas las edades. Los personajes enfrentan decisiones que cambiaran su destino para siempre.,https://covers.biblioteca.local/00614.jpg,3,978-0-652-66930-5,24
615,Reino profundo,"Una trama envolvente que mezcla drama, misterio y superacion personal. Un texto imprescindible para comprender las tensiones de su tiempo. Una historia que atrapa desde la primera pagina.",https://covers.biblioteca.local/00615.jpg,3,978-0-17-342069-0,5
616,Bosque antiguo,"Una trama envolvente que mezcla drama, misterio y superacion personal. La obra explora temas de identidad, perdida y esperanza. Los personajes enfrentan decisiones que cambiaran su destino para siempre.",https://covers.biblioteca.local/00616.jpg,4,978-1-215-29108-7,23
617,Legado eterno 7,Los personajes enfrentan decisiones que cambiaran su destino para siempre. Considerada una de las obras mas influyentes de su genero.,https://covers.biblioteca.local/00617.jpg,3,978-1-71333-447-7,30
618,Mar infinito,Un clasico recomendado para lectores de todas las edades. Un viaje narrativo que combina emocion e intriga en cada capitulo.,https://covers.biblioteca.local/00618.jpg,3,978-0-639-34362-4,36
619,El Laberinto del legado 8,Un clasico recomendado para lectores de todas las edades. Una reflexion sobre la sociedad contemporanea contada con maestria. Considerada una de las obras mas influyentes de su genero.,https://covers.biblioteca.local/00619.jpg,2,978-0-04-439735-9,16
620,Secreto Legado,Un relato profundo sobre las relaciones humanas y el paso del tiempo. Un clasico recomendado para lectores de todas las edades. La narracion se despliega entre distintos escenarios y epocas.,https://covers.biblioteca.local/00620.jpg,5,978-0-07-256366-5,30
621,La cielo de destino,Los personajes enfrentan decisiones que cambiaran su destino para siempre. El autor construye un mundo lleno de detalles y matices inolvidables.,https://covers.biblioteca.local/00621.jpg,4,978-0-18-005375-1,5
622,El Cronicas sin horizonte,"Una trama envolvente que mezcla drama, misterio y superacion personal. La narracion se despliega entre distintos escenarios y epocas. Una historia que atrapa desde la primera pagina.",https://covers.biblioteca.local/00622.jpg,1,978-0-489-64652-4,6
623,Perdido Mar,"La obra explora temas de identidad, perdida y esperanza. La narracion se despliega entre distintos escenarios y epocas.",https://covers.biblioteca.local/00623.jpg,2,978-0-428-75721-2,10
624,Desierto escondido 5,La narracion se despliega entre distintos escenarios y epocas. Una reflexion sobre la sociedad contemporanea contada con maestria.,https://covers.biblioteca.local/00624.jpg,1,978-1-241-50274-4,20
625,La silencio tras puente,Un clasico recomendado para lectores de todas las edades. Una historia que atrapa desde la primera pagina.,https://covers.biblioteca.local/00625.jpg,2,978-1-4494-8562-7,40
626,Castillo lejano,Una reflexion sobre la sociedad contemporanea contada con maestria. Considerada una de las obras mas influyentes de su genero.,https://covers.biblioteca.local/00626.jpg,5,978-1-287-03203-8,4
627,El Legado sin puente,Los personajes enfrentan decisiones que cambiaran su destino para siempre. Una historia que atrapa desde la primera pagina.,https://covers.biblioteca.local/00627.jpg,3,978-0-7427-6170-4,16
628,Legado salvaje,Un texto imprescindible para comprender las tensiones de su tiempo. El autor construye un mundo lleno de detalles y matices inolvidables. La narracion se despliega entre distintos escenarios y epocas.,https://covers.biblioteca.local/00628.jpg,2,978-1-877712-15-9,25
629,Prohibido Castillo 5,"Una reflexion sobre la sociedad contemporanea contada con maestria. El autor construye un mundo lleno de detalles y matices inolvidables. La obra explora temas de identidad, perdida y esperanza.",https://covers.biblioteca.local/00629.jpg,4,978-0-422-84993-7,19
630,El Fuego de castillo 9,"La obra explora temas de identidad, perdida y esperanza. Un relato profundo sobre las relaciones humanas y el paso del tiempo. Un texto imprescindible para comprender las tensiones de su tiempo.",https://covers.biblioteca.local/00630.jpg,2,978-0-613-71504-1,27
631,Legado infinito,"Una trama envolvente que mezcla drama, misterio y superacion personal. Considerada una de las obras mas influyentes de su genero.",https://covers.biblioteca.local/00631.jpg,3,978-1-59152-017-7,28
632,Horizonte antiguo,"La obra explora temas de identidad, perdida y esperanza. El autor construye un mundo lleno de detalles y matices inolvidables.",https://covers.biblioteca.local/00632.jpg,4,978-1-4905-0975-4,39
633,El Mar y el secreto,El autor construye un mundo lleno de detalles y matices inolvidables. Considerada una de las obras mas influyentes de su genero. Un clasico recomendado para lectores de todas las edades.,https://covers.biblioteca.local/00633.jpg,3,978-0-04-501896-3,24
634,El Camino sin umbral,"Un relato profundo sobre las relaciones humanas y el paso del tiempo. Un clasico recomendado para lectores de todas las edades. Una trama envolvente que mezcla drama, misterio y superacion personal.",https://covers.biblioteca.local/00634.jpg,4,978-1-4236-1032-8,6
635,Sagrado Sueno,Considerada una de las obras mas influyentes de su genero. Un relato profundo sobre las relaciones humanas y el paso del tiempo. Un texto imprescindible para comprender las tensiones de su tiempo.,https://covers.biblioteca.local/00635.jpg,4,978-1-4214-7649-0,40
636,El Cronicas tras cielo 6,Una reflexion sobre la sociedad contemporanea contada con maestria. Considerada una de las obras mas influyentes de su genero.,https://covers.biblioteca.local/00636.jpg,1,978-1-158-37767-1,1
637,Mar profundo 8,"Los personajes enfrentan decisiones que cambiaran su destino para siempre. Un texto imprescindible para comprender las tensiones de su tiempo. La obra explora temas de identidad, perdida y esperanza.",https://covers.biblioteca.local/00637.jpg,2,978-1-165-92661-9,3
638,La mar en camino,"Un clasico recomendado para lectores de todas las edades. La obra explora temas de identidad, perdida y esperanza. Un texto imprescindible para comprender las tensiones de su tiempo.",https://covers.biblioteca.local/00638.jpg,1,978-1-7327881-4-5,4
639,La desierto de espejo,"Un relato profundo sobre las relaciones humanas y el paso del tiempo. La obra explora temas de identidad, perdida y esperanza. Considerada una de las obras mas influyentes de su genero.",https://covers.biblioteca.local/00639.jpg,3,978-1-174-22438-6,5
640,La sueno del desierto,Los personajes enfrentan decisiones que cambiaran su destino para siempre. Un texto imprescindible para comprender las tensiones de su tiempo. Una historia que atrapa desde la primera pagina.,https://covers.biblioteca.local/00640.jpg,3,978-1-908108-18-0,8
641,Puente silencioso 6,"Una trama envolvente que mezcla drama, misterio y superacion personal. La obra explora temas de identidad, perdida y esperanza.",https://covers.biblioteca.local/00641.jpg,3,978-1-179-45491-7,34
642,Prohibido Silencio 8,"La narracion se despliega entre distintos escenarios y epocas. Una trama envolvente que mezcla drama, misterio y superacion personal.",https://covers.biblioteca.local/00642.jpg,4,978-0-7226-0164-8,11
643,La bosque de reino 9,"Una trama envolvente que mezcla drama, misterio y superacion personal. Los personajes enfrentan decisiones que cambiaran su destino para siempre. Un texto imprescindible para comprender las tensiones de su tiempo.",https://covers.biblioteca.local/00643.jpg,3,978-1-79452-321-0,35
644,Salvaje Cronicas,"Una trama envolvente que mezcla drama, misterio y superacion personal. Los personajes enfrentan decisiones que cambiaran su destino para siempre. La obra explora temas de identidad, perdida y esperanza.",https://covers.biblioteca.local/00644.jpg,3,978-0-680-06102-7,34
645,Jardin lejano,El autor construye un mundo lleno de detalles y matices inolvidables. La narracion se despliega entre distintos escenarios y epocas. Una reflexion sobre la sociedad contemporanea contada con maestria.,https://covers.biblioteca.local/00645.jpg,2,978-1-69749-956-8,34
646,El Bosque sin fuego,El autor construye un mundo lleno de detalles y matices inolvidables. Un clasico recomendado para lectores de todas las edades. Los personajes enfrentan decisiones que cambiaran su destino para siempre.,https://covers.biblioteca.local/00646.jpg,2,978-0-220-31030-1,22
647,La sueno de sueno,"Una trama envolvente que mezcla drama, misterio y superacion personal. La narracion se despliega entre distintos escenarios y epocas. Un viaje narrativo que combina emocion e intriga en cada capitulo.",https://covers.biblioteca.local/00647.jpg,2,978-1-236-83147-7,38
648,Sagrado Laberinto,Una reflexion sobre la sociedad contemporanea contada con maestria. Considerada una de las obras mas influyentes de su genero.,https://covers.biblioteca.local/00648.jpg,1,978-1-60122-777-5,1
649,El Corazon de cronicas 9,Un viaje narrativo que combina emocion e intriga en cada capitulo. Los personajes enfrentan decisiones que cambiaran su destino para siempre. La narracion se despliega entre distintos escenarios y epocas.,https://covers.biblioteca.local/00649.jpg,4,978-1-933496-05-4,13
650,El Desierto tras viaje 3,Un relato profundo sobre las relaciones humanas y el paso del tiempo. Un clasico recomendado para lectores de todas las edades.,https://covers.biblioteca.local/00650.jpg,1,978-0-667-99840-7,9
651,Cronicas silencioso,"Un texto imprescindible para comprender las tensiones de su tiempo. La obra explora temas de identidad, perdida y esperanza.",https://covers.biblioteca.local/00651.jpg,3,978-1-78997-308-2,17
652,La destino tras rio,Los personajes enfrentan decisiones que cambiaran su destino para siempre. El autor construye un mundo lleno de detalles y matices inolvidables. Una reflexion sobre la sociedad contemporanea contada con maestria.,https://covers.biblioteca.local/00652.jpg,4,978-1-958146-71-2,17
653,Secreto Sueno,El autor construye un mundo lleno de detalles y matices inolvidables. Un texto imprescindible para comprender las tensiones de su tiempo.,https://covers.biblioteca.local/00653.jpg,5,978-1-76024-375-3,22
654,El Sueno en reino,"Un relato profundo sobre las relaciones humanas y el paso del tiempo. Una trama envolvente que mezcla drama, misterio y superacion personal. Un viaje narrativo que combina emocion e intriga en cada capitulo.",https://covers.biblioteca.local/00654.jpg,1,978-0-8395-9724-7,40
655,El Castillo sin silencio 5,"Una trama envolvente que mezcla drama, misterio y superacion personal. Los personajes enfrentan decisiones que cambiaran su destino para siempre.",https://covers.biblioteca.local/00655.jpg,2,978-1-57293-417-7,7
656,El Rio de mar,"Una trama envolvente que mezcla drama, misterio y superacion personal. Una historia que atrapa desde la primera pagina. Un texto imprescindible para comprender las tensiones de su tiempo.",https://covers.biblioteca.local/00656.jpg,3,978-0-329-71674-5,10
657,El Camino tras horizonte,"La obra explora temas de identidad, perdida y esperanza. Una reflexion sobre la sociedad contemporanea contada con maestria. El autor construye un mundo lleno de detalles y matices inolvidables.",https://covers.biblioteca.local/00657.jpg,2,978-0-8005-4522-2,37
658,El Corazon tras umbral,El autor construye un mundo lleno de detalles y matices inolvidables. Un texto imprescindible para comprender las tensiones de su tiempo. Un relato profundo sobre las relaciones humanas y el paso del tiempo.,https://covers.biblioteca.local/00658.jpg,2,978-0-561-93183-8,35
659,Bosque antiguo 7,El autor construye un mundo lleno de detalles y matices inolvidables. Una historia que atrapa desde la primera pagina. Un relato profundo sobre las relaciones humanas y el paso del tiempo.,https://covers.biblioteca.local/00659.jpg,1,978-1-55084-289-0,24
660,La rio y el espejo,"La obra explora temas de identidad, perdida y esperanza. Considerada una de las obras mas influyentes de su genero.",https://covers.biblioteca.local/00660.jpg,2,978-0-7711-9918-9,3
661,Cronicas roto,Un texto imprescindible para comprender las tensiones de su tiempo. El autor construye un mundo lleno de detalles y matices inolvidables. Un relato profundo sobre las relaciones humanas y el paso del tiempo.,https://covers.biblioteca.local/00661.jpg,2,978-0-213-52478-4,23
662,Rio escondido,"La obra explora temas de identidad, perdida y esperanza. Una historia que atrapa desde la primera pagina.",https://covers.biblioteca.local/00662.jpg,1,978-0-255-21376-9,13
663,El Mar del umbral,Un relato profundo sobre las relaciones humanas y el paso del tiempo. Considerada una de las obras mas influyentes de su genero. Los personajes enfrentan decisiones que cambiaran su destino para siempre.,https://covers.biblioteca.local/00663.jpg,2,978-0-7548-2145-8,32
664,Jardin oscuro,Una historia que atrapa desde la primera pagina. Una reflexion sobre la sociedad contemporanea contada con maestria. Un texto imprescindible para comprender las tensiones de su tiempo.,https://covers.biblioteca.local/00664.jpg,1,978-1-328-63266-1,26
665,El Viaje tras cronicas,"La narracion se despliega entre distintos escenarios y epocas. Considerada una de las obras mas influyentes de su genero. La obra explora temas de identidad, perdida y esperanza.",https://covers.biblioteca.local/00665.jpg,2,978-1-85072-081-2,38
666,Secreto Camino,"Una trama envolvente que mezcla drama, misterio y superacion personal. La narracion se despliega entre distintos escenarios y epocas.",https://covers.biblioteca.local/00666.jpg,2,978-1-56260-602-2,2
667,Perdido Jardin 4,Los personajes enfrentan decisiones que cambiaran su destino para siempre. Un relato profundo sobre las relaciones humanas y el paso del tiempo.,https://covers.biblioteca.local/00667.jpg,1,978-1-66845-504-3,30
668,Secreto Bosque,"Una trama envolvente que mezcla drama, misterio y superacion personal. Un clasico recomendado para lectores de todas las edades.",https://covers.biblioteca.local/00668.jpg,2,978-1-7389975-6-5,40
669,Secreto Viaje,Una reflexion sobre la sociedad contemporanea contada con maestria. La narracion se despliega entre distintos escenarios y epocas. El autor construye un mundo lleno de detalles y matices inolvidables.,https://covers.biblioteca.local/00669.jpg,1,978-1-108-56288-1,21
670,El Cronicas sin cielo,Una reflexion sobre la sociedad contemporanea contada con maestria. Un viaje narrativo que combina emocion e intriga en cada capitulo.,https://covers.biblioteca.local/00670.jpg,3,978-0-18-848520-2,3
671,Profundo Rio,"Los personajes enfrentan decisiones que cambiaran su destino para siempre. La obra explora temas de identidad, perdida y esperanza.",https://covers.biblioteca.local/00671.jpg,1,978-1-346-81054-6,27
672,Antiguo Cielo,"Una trama envolvente que mezcla drama, misterio y superacion personal. Un viaje narrativo que combina emocion e intriga en cada capitulo.",https://covers.biblioteca.local/00672.jpg,2,978-0-01-749075-9,38
673,El Castillo de fuego,"La obra explora temas de identidad, perdida y esperanza. Una historia que atrapa desde la primera pagina. Una trama envolvente que mezcla drama, misterio y superacion personal.",https://covers.biblioteca.local/00673.jpg,2,978-0-544-92683-7,6
674,El Jardin del rio,"El autor construye un mundo lleno de detalles y matices inolvidables. Una trama envolvente que mezcla drama, misterio y superacion personal. La obra explora temas de identidad, perdida y esperanza.",https://covers.biblioteca.local/00674.jpg,1,978-1-893571-26-6,14
675,Invisible Corazon,"El autor construye un mundo lleno de detalles y matices inolvidables. Un viaje narrativo que combina emocion e intriga en cada capitulo. La obra explora temas de identidad, perdida y esperanza.",https://covers.biblioteca.local/00675.jpg,1,978-0-10-627371-3,40
676,El Desierto del legado,Un clasico recomendado para lectores de todas las edades. Un relato profundo sobre las relaciones humanas y el paso del tiempo. Los personajes enfrentan decisiones que cambiaran su destino para siempre.,https://covers.biblioteca.local/00676.jpg,2,978-1-988649-76-4,23
677,Jardin dorado,Un relato profundo sobre las relaciones humanas y el paso del tiempo. Considerada una de las obras mas influyentes de su genero.,https://covers.biblioteca.local/00677.jpg,1,978-1-62282-772-5,7
678,La cielo sin secreto,La narracion se despliega entre distintos escenarios y epocas. Un texto imprescindible para comprender las tensiones de su tiempo. Un viaje narrativo que combina emocion e intriga en cada capitulo.,https://covers.biblioteca.local/00678.jpg,2,978-0-7702-8519-7,18
679,El Viaje de castillo,"Una trama envolvente que mezcla drama, misterio y superacion personal. La obra explora temas de identidad, perdida y esperanza. La narracion se despliega entre distintos escenarios y epocas.",https://covers.biblioteca.local/00679.jpg,3,978-0-15-940821-6,3
680,El Fuego en espejo,El autor construye un mundo lleno de detalles y matices inolvidables. Los personajes enfrentan decisiones que cambiaran su destino para siempre.,https://covers.biblioteca.local/00680.jpg,3,978-1-5447-0229-2,22
681,Camino eterno,"Considerada una de las obras mas influyentes de su genero. La obra explora temas de identidad, perdida y esperanza.",https://covers.biblioteca.local/00681.jpg,2,978-0-443-27018-5,11
682,El Umbral sin bosque,"Un viaje narrativo que combina emocion e intriga en cada capitulo. Una trama envolvente que mezcla drama, misterio y superacion personal.",https://covers.biblioteca.local/00682.jpg,2,978-0-06-794975-7,38
683,La silencio del cronicas,Un viaje narrativo que combina emocion e intriga en cada capitulo. Un relato profundo sobre las relaciones humanas y el paso del tiempo. Una reflexion sobre la sociedad contemporanea contada con maestria.,https://covers.biblioteca.local/00683.jpg,3,978-1-922877-72-7,15
684,El Secreto tras silencio,El autor construye un mundo lleno de detalles y matices inolvidables. Un viaje narrativo que combina emocion e intriga en cada capitulo.,https://covers.biblioteca.local/00684.jpg,1,978-0-9966365-8-2,5
685,Mar prohibido,"El autor construye un mundo lleno de detalles y matices inolvidables. La obra explora temas de identidad, perdida y esperanza.",https://covers.biblioteca.local/00685.jpg,4,978-1-4120-9481-8,14
686,La castillo y el viaje 7,"Un viaje narrativo que combina emocion e intriga en cada capitulo. Una reflexion sobre la sociedad contemporanea contada con maestria. La obra explora temas de identidad, perdida y esperanza.",https://covers.biblioteca.local/00686.jpg,1,978-0-9890983-7-3,3
687,El Sueno del bosque,"Una trama envolvente que mezcla drama, misterio y superacion personal. El autor construye un mundo lleno de detalles y matices inolvidables. La obra explora temas de identidad, perdida y esperanza.",https://covers.biblioteca.local/00687.jpg,1,978-0-8204-3397-4,22
688,Silencioso Mar 5,El autor construye un mundo lleno de detalles y matices inolvidables. Considerada una de las obras mas influyentes de su genero.,https://covers.biblioteca.local/00688.jpg,1,978-1-69070-562-8,32
689,La jardin tras silencio 5,Una reflexion sobre la sociedad contemporanea contada con maestria. El autor construye un mundo lleno de detalles y matices inolvidables.,https://covers.biblioteca.local/00689.jpg,1,978-0-85641-118-2,38
690,El Silencio de camino 9,El autor construye un mundo lleno de detalles y matices inolvidables. Considerada una de las obras mas influyentes de su genero.,https://covers.biblioteca.local/00690.jpg,3,978-1-224-12462-8,26
691,Legado eterno,"Una trama envolvente que mezcla drama, misterio y superacion personal. Un viaje narrativo que combina emocion e intriga en cada capitulo. Un relato profundo sobre las relaciones humanas y el paso del tiempo.",https://covers.biblioteca.local/00691.jpg,3,978-1-200-46152-5,36
692,El Legado tras silencio,"La obra explora temas de identidad, perdida y esperanza. Una reflexion sobre la sociedad contemporanea contada con maestria.",https://covers.biblioteca.local/00692.jpg,3,978-1-4610-3399-8,19
693,Secreto Jardin,"La narracion se despliega entre distintos escenarios y epocas. Los personajes enfrentan decisiones que cambiaran su destino para siempre. La obra explora temas de identidad, perdida y esperanza.",https://covers.biblioteca.local/00693.jpg,3,978-1-886140-57-8,30
694,El Destino y el castillo,"La obra explora temas de identidad, perdida y esperanza. Una reflexion sobre la sociedad contemporanea contada con maestria. Una trama envolvente que mezcla drama, misterio y superacion personal.",https://covers.biblioteca.local/00694.jpg,2,978-0-7063-0489-3,1
695,El Horizonte tras laberinto,Los personajes enfrentan decisiones que cambiaran su destino para siempre. El autor construye un mundo lleno de detalles y matices inolvidables.,https://covers.biblioteca.local/00695.jpg,1,978-0-8249-6718-5,18
696,Secreto Desierto,Un texto imprescindible para comprender las tensiones de su tiempo. Una historia que atrapa desde la primera pagina. Considerada una de las obras mas influyentes de su genero.,https://covers.biblioteca.local/00696.jpg,5,978-0-582-38687-7,24
697,El Bosque y el puente,Un clasico recomendado para lectores de todas las edades. Una historia que atrapa desde la primera pagina. Una reflexion sobre la sociedad contemporanea contada con maestria.,https://covers.biblioteca.local/00697.jpg,4,978-0-7942-0074-9,24
698,Perdido Laberinto 5,"La narracion se despliega entre distintos escenarios y epocas. Una trama envolvente que mezcla drama, misterio y superacion personal.",https://covers.biblioteca.local/00698.jpg,1,978-1-5398-4028-2,38
699,Dorado Laberinto,Los personajes enfrentan decisiones que cambiaran su destino para siempre. Considerada una de las obras mas influyentes de su genero. El autor construye un mundo lleno de detalles y matices inolvidables.,https://covers.biblioteca.local/00699.jpg,1,978-1-161-28463-8,18
700,El Rio en puente,"Una trama envolvente que mezcla drama, misterio y superacion personal. Considerada una de las obras mas influyentes de su genero. La narracion se despliega entre distintos escenarios y epocas.",https://covers.biblioteca.local/00700.jpg,3,978-1-4743-5537-7,8
701,Desierto antiguo 3,"Una trama envolvente que mezcla drama, misterio y superacion personal. Un relato profundo sobre las relaciones humanas y el paso del tiempo.",https://covers.biblioteca.local/00701.jpg,3,978-0-209-70026-0,6
702,Reino lejano,"Un relato profundo sobre las relaciones humanas y el paso del tiempo. La obra explora temas de identidad, perdida y esperanza.",https://covers.biblioteca.local/00702.jpg,2,978-1-81180-715-6,18
703,El Legado del umbral,Un viaje narrativo que combina emocion e intriga en cada capitulo. Considerada una de las obras mas influyentes de su genero.,https://covers.biblioteca.local/00703.jpg,1,978-1-62017-537-8,2
704,La silencio tras cielo,"Una trama envolvente que mezcla drama, misterio y superacion personal. Una reflexion sobre la sociedad contemporanea contada con maestria.",https://covers.biblioteca.local/00704.jpg,4,978-0-04-531943-5,27
705,Fuego ultimo,Un viaje narrativo que combina emocion e intriga en cada capitulo. Un relato profundo sobre las relaciones humanas y el paso del tiempo. Una historia que atrapa desde la primera pagina.,https://covers.biblioteca.local/00705.jpg,1,978-1-5047-9303-2,15
706,La silencio sin laberinto,"Una trama envolvente que mezcla drama, misterio y superacion personal. Un clasico recomendado para lectores de todas las edades. Considerada una de las obras mas influyentes de su genero.",https://covers.biblioteca.local/00706.jpg,4,978-0-498-72839-6,36
707,Destino lejano,"Los personajes enfrentan decisiones que cambiaran su destino para siempre. La obra explora temas de identidad, perdida y esperanza.",https://covers.biblioteca.local/00707.jpg,5,978-0-921249-38-2,17
708,La camino del puente 6,"La obra explora temas de identidad, perdida y esperanza. Un clasico recomendado para lectores de todas las edades. Un texto imprescindible para comprender las tensiones de su tiempo.",https://covers.biblioteca.local/00708.jpg,2,978-0-08-948706-0,35
709,La reino del legado,"La obra explora temas de identidad, perdida y esperanza. Un viaje narrativo que combina emocion e intriga en cada capitulo.",https://covers.biblioteca.local/00709.jpg,1,978-1-66418-775-7,8
710,El Laberinto sin castillo,"Los personajes enfrentan decisiones que cambiaran su destino para siempre. Una reflexion sobre la sociedad contemporanea contada con maestria. La obra explora temas de identidad, perdida y esperanza.",https://covers.biblioteca.local/00710.jpg,1,978-0-04-687506-0,14
711,El Cronicas en puente,"Una reflexion sobre la sociedad contemporanea contada con maestria. Una trama envolvente que mezcla drama, misterio y superacion personal.",https://covers.biblioteca.local/00711.jpg,1,978-1-190-36133-1,35
712,Lejano Bosque,"El autor construye un mundo lleno de detalles y matices inolvidables. Una trama envolvente que mezcla drama, misterio y superacion personal.",https://covers.biblioteca.local/00712.jpg,1,978-1-4110-7609-9,10
713,Laberinto perdido,Un texto imprescindible para comprender las tensiones de su tiempo. Considerada una de las obras mas influyentes de su genero.,https://covers.biblioteca.local/00713.jpg,2,978-1-317-35058-3,33
714,La fuego tras espejo,"Los personajes enfrentan decisiones que cambiaran su destino para siempre. Un clasico recomendado para lectores de todas las edades. La obra explora temas de identidad, perdida y esperanza.",https://covers.biblioteca.local/00714.jpg,4,978-0-9971791-1-8,37
715,Laberinto eterno,"Una historia que atrapa desde la primera pagina. La obra explora temas de identidad, perdida y esperanza. Considerada una de las obras mas influyentes de su genero.",https://covers.biblioteca.local/00715.jpg,1,978-0-651-20704-1,8
716,La jardin y el desierto,"Una trama envolvente que mezcla drama, misterio y superacion personal. Una reflexion sobre la sociedad contemporanea contada con maestria.",https://covers.biblioteca.local/00716.jpg,3,978-0-10-804661-2,6
717,La camino sin fuego,Un clasico recomendado para lectores de todas las edades. Considerada una de las obras mas influyentes de su genero.,https://covers.biblioteca.local/00717.jpg,1,978-0-9907676-9-5,15
718,La viaje de rio,La narracion se despliega entre distintos escenarios y epocas. Un texto imprescindible para comprender las tensiones de su tiempo. Un relato profundo sobre las relaciones humanas y el paso del tiempo.,https://covers.biblioteca.local/00718.jpg,1,978-1-07-859311-3,33
719,La desierto sin corazon 2,"El autor construye un mundo lleno de detalles y matices inolvidables. La obra explora temas de identidad, perdida y esperanza. Un texto imprescindible para comprender las tensiones de su tiempo.",https://covers.biblioteca.local/00719.jpg,1,978-0-939284-56-6,24
720,Puente ultimo,Una reflexion sobre la sociedad contemporanea contada con maestria. Un texto imprescindible para comprender las tensiones de su tiempo. Los personajes enfrentan decisiones que cambiaran su destino para siempre.,https://covers.biblioteca.local/00720.jpg,3,978-1-232-00249-9,29
721,El Viaje tras destino,"Una trama envolvente que mezcla drama, misterio y superacion personal. Los personajes enfrentan decisiones que cambiaran su destino para siempre. La obra explora temas de identidad, perdida y esperanza.",https://covers.biblioteca.local/00721.jpg,1,978-1-4982-2749-0,28
722,La rio sin horizonte 3,El autor construye un mundo lleno de detalles y matices inolvidables. La narracion se despliega entre distintos escenarios y epocas.,https://covers.biblioteca.local/00722.jpg,1,978-1-5089-2038-0,18
723,Roto Reino 8,"Considerada una de las obras mas influyentes de su genero. Una trama envolvente que mezcla drama, misterio y superacion personal. Una historia que atrapa desde la primera pagina.",https://covers.biblioteca.local/00723.jpg,2,978-1-5333-1537-3,20
724,Ultimo Jardin 4,"Los personajes enfrentan decisiones que cambiaran su destino para siempre. La narracion se despliega entre distintos escenarios y epocas. Una trama envolvente que mezcla drama, misterio y superacion personal.",https://covers.biblioteca.local/00724.jpg,2,978-1-995946-52-8,8
725,La silencio del umbral,Una historia que atrapa desde la primera pagina. Un relato profundo sobre las relaciones humanas y el paso del tiempo.,https://covers.biblioteca.local/00725.jpg,2,978-1-07-303379-9,18
726,Rio antiguo,Un clasico recomendado para lectores de todas las edades. El autor construye un mundo lleno de detalles y matices inolvidables. Los personajes enfrentan decisiones que cambiaran su destino para siempre.,https://covers.biblioteca.local/00726.jpg,4,978-0-7563-6205-8,31
727,El Puente sin mar,"Los personajes enfrentan decisiones que cambiaran su destino para siempre. La obra explora temas de identidad, perdida y esperanza.",https://covers.biblioteca.local/00727.jpg,2,978-0-508-12473-6,38
728,El Castillo en destino,"Una reflexion sobre la sociedad contemporanea contada con maestria. La obra explora temas de identidad, perdida y esperanza.",https://covers.biblioteca.local/00728.jpg,1,978-0-03-342342-7,4
729,La puente y el fuego,Una historia que atrapa desde la primera pagina. Los personajes enfrentan decisiones que cambiaran su destino para siempre. La narracion se despliega entre distintos escenarios y epocas.,https://covers.biblioteca.local/00729.jpg,3,978-0-230-24102-2,34
730,El Corazon del fuego,Un relato profundo sobre las relaciones humanas y el paso del tiempo. Un clasico recomendado para lectores de todas las edades.,https://covers.biblioteca.local/00730.jpg,1,978-0-534-73552-4,11
731,La laberinto tras espejo,La narracion se despliega entre distintos escenarios y epocas. Una reflexion sobre la sociedad contemporanea contada con maestria. Un relato profundo sobre las relaciones humanas y el paso del tiempo.,https://covers.biblioteca.local/00731.jpg,3,978-0-12-233865-6,35
732,La castillo de castillo,"Una reflexion sobre la sociedad contemporanea contada con maestria. Una trama envolvente que mezcla drama, misterio y superacion personal. El autor construye un mundo lleno de detalles y matices inolvidables.",https://covers.biblioteca.local/00732.jpg,2,978-1-309-93842-3,22
733,Eterno Viaje,Considerada una de las obras mas influyentes de su genero. Un viaje narrativo que combina emocion e intriga en cada capitulo.,https://covers.biblioteca.local/00733.jpg,2,978-0-04-289731-8,13
734,El Silencio y el rio,"La obra explora temas de identidad, perdida y esperanza. Una historia que atrapa desde la primera pagina.",https://covers.biblioteca.local/00734.jpg,1,978-0-286-85787-1,31
735,La espejo tras puente,"Una trama envolvente que mezcla drama, misterio y superacion personal. Un clasico recomendado para lectores de todas las edades.",https://covers.biblioteca.local/00735.jpg,3,978-1-58777-496-6,34
736,La reino tras espejo,Un texto imprescindible para comprender las tensiones de su tiempo. Un relato profundo sobre las relaciones humanas y el paso del tiempo.,https://covers.biblioteca.local/00736.jpg,1,978-0-337-36346-7,15
737,Perdido Legado,"Los personajes enfrentan decisiones que cambiaran su destino para siempre. La obra explora temas de identidad, perdida y esperanza.",https://covers.biblioteca.local/00737.jpg,1,978-0-548-12147-4,14
738,Secreto Silencio,Un relato profundo sobre las relaciones humanas y el paso del tiempo. Una historia que atrapa desde la primera pagina.,https://covers.biblioteca.local/00738.jpg,2,978-0-907895-67-1,31
739,Camino roto,Una historia que atrapa desde la primera pagina. La narracion se despliega entre distintos escenarios y epocas.,https://covers.biblioteca.local/00739.jpg,1,978-1-65754-602-8,33
740,El Rio en cronicas 2,Un relato profundo sobre las relaciones humanas y el paso del tiempo. Un clasico recomendado para lectores de todas las edades.,https://covers.biblioteca.local/00740.jpg,5,978-0-415-14888-7,14
741,Silencioso Cronicas,"Una historia que atrapa desde la primera pagina. Un relato profundo sobre las relaciones humanas y el paso del tiempo. La obra explora temas de identidad, perdida y esperanza.",https://covers.biblioteca.local/00741.jpg,1,978-1-311-15083-7,18
742,La puente del corazon,Considerada una de las obras mas influyentes de su genero. Un clasico recomendado para lectores de todas las edades.,https://covers.biblioteca.local/00742.jpg,4,978-0-544-43928-3,5
743,El Mar de corazon,Un texto imprescindible para comprender las tensiones de su tiempo. Un viaje narrativo que combina emocion e intriga en cada capitulo.,https://covers.biblioteca.local/00743.jpg,3,978-0-445-66907-9,19
744,Ultimo Bosque,"Considerada una de las obras mas influyentes de su genero. Una trama envolvente que mezcla drama, misterio y superacion personal.",https://covers.biblioteca.local/00744.jpg,1,978-1-333-73898-3,24
745,Escondido Cronicas,"La obra explora temas de identidad, perdida y esperanza. Una reflexion sobre la sociedad contemporanea contada con maestria.",https://covers.biblioteca.local/00745.jpg,2,978-1-5153-6637-9,25
746,Viaje sagrado,El autor construye un mundo lleno de detalles y matices inolvidables. Un relato profundo sobre las relaciones humanas y el paso del tiempo.,https://covers.biblioteca.local/00746.jpg,2,978-0-529-24075-0,21
747,El Destino de corazon,"Una trama envolvente que mezcla drama, misterio y superacion personal. Una reflexion sobre la sociedad contemporanea contada con maestria.",https://covers.biblioteca.local/00747.jpg,2,978-0-666-84590-0,19
748,El Rio en umbral,El autor construye un mundo lleno de detalles y matices inolvidables. Los personajes enfrentan decisiones que cambiaran su destino para siempre.,https://covers.biblioteca.local/00748.jpg,2,978-0-259-99966-9,30
749,La cronicas y el secreto,Los personajes enfrentan decisiones que cambiaran su destino para siempre. El autor construye un mundo lleno de detalles y matices inolvidables. Un viaje narrativo que combina emocion e intriga en cada capitulo.,https://covers.biblioteca.local/00749.jpg,5,978-1-186-37159-7,5
750,Cronicas antiguo,Una historia que atrapa desde la primera pagina. La narracion se despliega entre distintos escenarios y epocas.,https://covers.biblioteca.local/00750.jpg,2,978-1-121-82097-5,32
751,El Horizonte y el corazon,"Un relato profundo sobre las relaciones humanas y el paso del tiempo. La obra explora temas de identidad, perdida y esperanza.",https://covers.biblioteca.local/00751.jpg,1,978-0-316-43348-8,26
752,Secreto Puente 5,Un viaje narrativo que combina emocion e intriga en cada capitulo. Un clasico recomendado para lectores de todas las edades. El autor construye un mundo lleno de detalles y matices inolvidables.,https://covers.biblioteca.local/00752.jpg,1,978-1-05-802566-5,8
753,La legado sin mar 6,"Una reflexion sobre la sociedad contemporanea contada con maestria. Una trama envolvente que mezcla drama, misterio y superacion personal. Un clasico recomendado para lectores de todas las edades.",https://covers.biblioteca.local/00753.jpg,1,978-0-286-71632-1,26
754,Corazon invisible,"Una trama envolvente que mezcla drama, misterio y superacion personal. Un relato profundo sobre las relaciones humanas y el paso del tiempo.",https://covers.biblioteca.local/00754.jpg,4,978-1-67299-493-4,8
755,La umbral y el secreto,Una historia que atrapa desde la primera pagina. Un relato profundo sobre las relaciones humanas y el paso del tiempo.,https://covers.biblioteca.local/00755.jpg,5,978-1-302-71693-6,4
756,El Umbral tras jardin,El autor construye un mundo lleno de detalles y matices inolvidables. Un clasico recomendado para lectores de todas las edades.,https://covers.biblioteca.local/00756.jpg,5,978-1-77901-475-7,21
757,El Rio tras corazon 9,"Un viaje narrativo que combina emocion e intriga en cada capitulo. Los personajes enfrentan decisiones que cambiaran su destino para siempre. Una trama envolvente que mezcla drama, misterio y superacion personal.",https://covers.biblioteca.local/00757.jpg,1,978-1-926329-67-3,32
758,La cielo en cielo,Una historia que atrapa desde la primera pagina. El autor construye un mundo lleno de detalles y matices inolvidables.,https://covers.biblioteca.local/00758.jpg,5,978-0-916032-48-7,8
759,Destino profundo,"Una trama envolvente que mezcla drama, misterio y superacion personal. Un texto imprescindible para comprender las tensiones de su tiempo. Una historia que atrapa desde la primera pagina.",https://covers.biblioteca.local/00759.jpg,1,978-0-376-81511-8,3
760,Prohibido Silencio 4,"Un texto imprescindible para comprender las tensiones de su tiempo. El autor construye un mundo lleno de detalles y matices inolvidables. Una trama envolvente que mezcla drama, misterio y superacion personal.",https://covers.biblioteca.local/00760.jpg,3,978-1-72438-070-8,8
761,Cronicas prohibido,"Considerada una de las obras mas influyentes de su genero. La obra explora temas de identidad, perdida y esperanza. Un texto imprescindible para comprender las tensiones de su tiempo.",https://covers.biblioteca.local/00761.jpg,2,978-1-65636-004-5,4
762,Sueno prohibido,Un clasico recomendado para lectores de todas las edades. La narracion se despliega entre distintos escenarios y epocas. Una reflexion sobre la sociedad contemporanea contada con maestria.,https://covers.biblioteca.local/00762.jpg,3,978-0-577-71183-7,19
763,La camino de mar,"La obra explora temas de identidad, perdida y esperanza. Una reflexion sobre la sociedad contemporanea contada con maestria.",https://covers.biblioteca.local/00763.jpg,1,978-0-7422-0912-1,23
764,El Fuego en horizonte,El autor construye un mundo lleno de detalles y matices inolvidables. Una reflexion sobre la sociedad contemporanea contada con maestria.,https://covers.biblioteca.local/00764.jpg,3,978-0-86210-427-6,23
765,Puente oscuro,Un viaje narrativo que combina emocion e intriga en cada capitulo. Un texto imprescindible para comprender las tensiones de su tiempo.,https://covers.biblioteca.local/00765.jpg,2,978-0-308-37081-4,20
766,El Legado de espejo,"Una reflexion sobre la sociedad contemporanea contada con maestria. La obra explora temas de identidad, perdida y esperanza.",https://covers.biblioteca.local/00766.jpg,2,978-1-70900-633-3,2
767,La camino y el cronicas,Un clasico recomendado para lectores de todas las edades. Considerada una de las obras mas influyentes de su genero. El autor construye un mundo lleno de detalles y matices inolvidables.,https://covers.biblioteca.local/00767.jpg,4,978-0-310-60053-4,18
768,El Legado y el mar,Una reflexion sobre la sociedad contemporanea contada con maestria. El autor construye un mundo lleno de detalles y matices inolvidables.,https://covers.biblioteca.local/00768.jpg,1,978-0-12-206815-7,37
769,Bosque roto 7,Considerada una de las obras mas influyentes de su genero. La narracion se despliega entre distintos escenarios y epocas. Una reflexion sobre la sociedad contemporanea contada con maestria.,https://covers.biblioteca.local/00769.jpg,4,978-0-938661-33-7,11
770,La puente y el viaje,La narracion se despliega entre distintos escenarios y epocas. Un relato profundo sobre las relaciones humanas y el paso del tiempo. Considerada una de las obras mas influyentes de su genero.,https://covers.biblioteca.local/00770.jpg,3,978-1-5206-5063-0,14
771,Secreto secreto 3,Los personajes enfrentan decisiones que cambiaran su destino para siempre. Un relato profundo sobre las relaciones humanas y el paso del tiempo. Un clasico recomendado para lectores de todas las edades.,https://covers.biblioteca.local/00771.jpg,1,978-0-14-950136-1,34
772,Silencio roto,Un relato profundo sobre las relaciones humanas y el paso del tiempo. La narracion se despliega entre distintos escenarios y epocas. Los personajes enfrentan decisiones que cambiaran su destino para siempre.,https://covers.biblioteca.local/00772.jpg,2,978-1-189-24195-8,33
773,La viaje y el horizonte 6,"La narracion se despliega entre distintos escenarios y epocas. Considerada una de las obras mas influyentes de su genero. La obra explora temas de identidad, perdida y esperanza.",https://covers.biblioteca.local/00773.jpg,2,978-0-525-71509-2,2
774,Sueno infinito 2,"Una reflexion sobre la sociedad contemporanea contada con maestria. Una trama envolvente que mezcla drama, misterio y superacion personal.",https://covers.biblioteca.local/00774.jpg,3,978-1-83890-309-1,10
775,La silencio y el laberinto 3,El autor construye un mundo lleno de detalles y matices inolvidables. Los personajes enfrentan decisiones que cambiaran su destino para siempre.,https://covers.biblioteca.local/00775.jpg,3,978-1-363-91025-0,19
776,Invisible Cronicas,El autor construye un mundo lleno de detalles y matices inolvidables. Un viaje narrativo que combina emocion e intriga en cada capitulo.,https://covers.biblioteca.local/00776.jpg,1,978-1-326-30397-6,8
777,Roto Jardin,"Los personajes enfrentan decisiones que cambiaran su destino para siempre. Una trama envolvente que mezcla drama, misterio y superacion personal.",https://covers.biblioteca.local/00777.jpg,1,978-0-450-86403-2,32
778,Silencio oscuro,"La obra explora temas de identidad, perdida y esperanza. Los personajes enfrentan decisiones que cambiaran su destino para siempre.",https://covers.biblioteca.local/00778.jpg,2,978-1-338-03396-0,9
779,El Sueno en cronicas,La narracion se despliega entre distintos escenarios y epocas. Una historia que atrapa desde la primera pagina.,https://covers.biblioteca.local/00779.jpg,3,978-0-7017-1302-7,32
780,El Camino de laberinto,Un relato profundo sobre las relaciones humanas y el paso del tiempo. El autor construye un mundo lleno de detalles y matices inolvidables. Una reflexion sobre la sociedad contemporanea contada con maestria.,https://covers.biblioteca.local/00780.jpg,1,978-0-12-983381-9,6
781,Castillo dorado,Un clasico recomendado para lectores de todas las edades. Considerada una de las obras mas influyentes de su genero.,https://covers.biblioteca.local/00781.jpg,2,978-1-4233-6293-7,8
782,La umbral de secreto,Una reflexion sobre la sociedad contemporanea contada con maestria. Un texto imprescindible para comprender las tensiones de su tiempo.,https://covers.biblioteca.local/00782.jpg,2,978-1-9734-7156-1,38
783,Secreto infinito,"La obra explora temas de identidad, perdida y esperanza. Un relato profundo sobre las relaciones humanas y el paso del tiempo.",https://covers.biblioteca.local/00783.jpg,1,978-0-7768-9627-4,12
784,Invisible Destino,Los personajes enfrentan decisiones que cambiaran su destino para siempre. Un clasico recomendado para lectores de todas las edades. Una historia que atrapa desde la primera pagina.,https://covers.biblioteca.local/00784.jpg,1,978-1-61498-282-1,32
785,La legado de laberinto,"Una trama envolvente que mezcla drama, misterio y superacion personal. La narracion se despliega entre distintos escenarios y epocas. Un viaje narrativo que combina emocion e intriga en cada capitulo.",https://covers.biblioteca.local/00785.jpg,1,978-1-74746-897-1,18
786,Antiguo Umbral,Los personajes enfrentan decisiones que cambiaran su destino para siempre. Una historia que atrapa desde la primera pagina. Un clasico recomendado para lectores de todas las edades.,https://covers.biblioteca.local/00786.jpg,1,978-1-273-23008-0,3
787,El Legado tras secreto,Considerada una de las obras mas influyentes de su genero. El autor construye un mundo lleno de detalles y matices inolvidables. Los personajes enfrentan decisiones que cambiaran su destino para siempre.,https://covers.biblioteca.local/00787.jpg,1,978-1-66656-749-6,24
788,El Cielo del destino,Una historia que atrapa desde la primera pagina. El autor construye un mundo lleno de detalles y matices inolvidables. Los personajes enfrentan decisiones que cambiaran su destino para siempre.,https://covers.biblioteca.local/00788.jpg,1,978-1-01-692364-4,20
789,El Secreto en viaje,"Una trama envolvente que mezcla drama, misterio y superacion personal. La narracion se despliega entre distintos escenarios y epocas.",https://covers.biblioteca.local/00789.jpg,1,978-1-5066-3370-1,21
790,Camino invisible,"Una trama envolvente que mezcla drama, misterio y superacion personal. Un texto imprescindible para comprender las tensiones de su tiempo.",https://covers.biblioteca.local/00790.jpg,1,978-0-249-72439-4,27
791,La legado y el bosque,Un texto imprescindible para comprender las tensiones de su tiempo. Los personajes enfrentan decisiones que cambiaran su destino para siempre.,https://covers.biblioteca.local/00791.jpg,4,978-0-11-669183-5,33
792,El Puente y el desierto,"Una trama envolvente que mezcla drama, misterio y superacion personal. Una historia que atrapa desde la primera pagina. La narracion se despliega entre distintos escenarios y epocas.",https://covers.biblioteca.local/00792.jpg,3,978-0-644-88694-9,12
793,Fuego perdido,El autor construye un mundo lleno de detalles y matices inolvidables. Un viaje narrativo que combina emocion e intriga en cada capitulo.,https://covers.biblioteca.local/00793.jpg,2,978-0-19-524364-2,20
794,La mar de bosque,Un viaje narrativo que combina emocion e intriga en cada capitulo. Considerada una de las obras mas influyentes de su genero.,https://covers.biblioteca.local/00794.jpg,1,978-0-7011-6864-3,9
795,Castillo invisible 4,Los personajes enfrentan decisiones que cambiaran su destino para siempre. Un viaje narrativo que combina emocion e intriga en cada capitulo. Un relato profundo sobre las relaciones humanas y el paso del tiempo.,https://covers.biblioteca.local/00795.jpg,3,978-0-252-23728-7,27
796,La reino y el horizonte,Una historia que atrapa desde la primera pagina. Un texto imprescindible para comprender las tensiones de su tiempo.,https://covers.biblioteca.local/00796.jpg,3,978-1-932302-34-9,36
797,Invisible Legado 4,El autor construye un mundo lleno de detalles y matices inolvidables. Un clasico recomendado para lectores de todas las edades.,https://covers.biblioteca.local/00797.jpg,2,978-1-912141-61-6,28
798,La castillo de puente,Un clasico recomendado para lectores de todas las edades. Un relato profundo sobre las relaciones humanas y el paso del tiempo.,https://covers.biblioteca.local/00798.jpg,3,978-0-509-37710-0,1
799,Destino prohibido,Un viaje narrativo que combina emocion e intriga en cada capitulo. Un texto imprescindible para comprender las tensiones de su tiempo.,https://covers.biblioteca.local/00799.jpg,2,978-1-09-013806-4,13
800,La espejo tras umbral,"La obra explora temas de identidad, perdida y esperanza. El autor construye un mundo lleno de detalles y matices inolvidables. Un viaje narrativo que combina emocion e intriga en cada capitulo.",https://covers.biblioteca.local/00800.jpg,1,978-1-75965-555-0,39
801,Lejano Cronicas,"El autor construye un mundo lleno de detalles y matices inolvidables. La obra explora temas de identidad, perdida y esperanza.",https://covers.biblioteca.local/00801.jpg,2,978-1-66905-510-5,27
802,Ultimo Espejo,"Un viaje narrativo que combina emocion e intriga en cada capitulo. Un clasico recomendado para lectores de todas las edades. Una trama envolvente que mezcla drama, misterio y superacion personal.",https://covers.biblioteca.local/00802.jpg,3,978-1-209-18435-7,16
803,La mar tras fuego,"Un relato profundo sobre las relaciones humanas y el paso del tiempo. Una historia que atrapa desde la primera pagina. Una trama envolvente que mezcla drama, misterio y superacion personal.",https://covers.biblioteca.local/00803.jpg,1,978-1-86305-050-0,9
804,La legado y el cronicas,Un texto imprescindible para comprender las tensiones de su tiempo. El autor construye un mundo lleno de detalles y matices inolvidables.,https://covers.biblioteca.local/00804.jpg,3,978-1-397-69156-9,28
805,La rio de cielo,Una historia que atrapa desde la primera pagina. Una reflexion sobre la sociedad contemporanea contada con maestria.,https://covers.biblioteca.local/00805.jpg,3,978-0-649-32898-7,16
806,El Sueno sin desierto 8,El autor construye un mundo lleno de detalles y matices inolvidables. La narracion se despliega entre distintos escenarios y epocas. Una reflexion sobre la sociedad contemporanea contada con maestria.,https://covers.biblioteca.local/00806.jpg,4,978-0-7148-7271-1,9
807,El Mar del sueno,"Considerada una de las obras mas influyentes de su genero. Una trama envolvente que mezcla drama, misterio y superacion personal.",https://covers.biblioteca.local/00807.jpg,2,978-0-332-11602-0,22
808,La legado sin silencio 4,Un relato profundo sobre las relaciones humanas y el paso del tiempo. Una reflexion sobre la sociedad contemporanea contada con maestria. Una historia que atrapa desde la primera pagina.,https://covers.biblioteca.local/00808.jpg,3,978-1-4347-1287-5,9
809,Sueno antiguo,Los personajes enfrentan decisiones que cambiaran su destino para siempre. Un texto imprescindible para comprender las tensiones de su tiempo. Un clasico recomendado para lectores de todas las edades.,https://covers.biblioteca.local/00809.jpg,2,978-1-399-15668-4,17
810,La silencio del laberinto,"La obra explora temas de identidad, perdida y esperanza. Considerada una de las obras mas influyentes de su genero. Una trama envolvente que mezcla drama, misterio y superacion personal.",https://covers.biblioteca.local/00810.jpg,3,978-0-341-41115-4,4
811,Silencioso Camino 9,"La obra explora temas de identidad, perdida y esperanza. Una trama envolvente que mezcla drama, misterio y superacion personal. El autor construye un mundo lleno de detalles y matices inolvidables.",https://covers.biblioteca.local/00811.jpg,1,978-0-9525690-4-6,8
812,Camino escondido,"Un texto imprescindible para comprender las tensiones de su tiempo. Considerada una de las obras mas influyentes de su genero. Una trama envolvente que mezcla drama, misterio y superacion personal.",https://covers.biblioteca.local/00812.jpg,1,978-0-665-52899-6,30
813,El Puente de viaje 6,"La obra explora temas de identidad, perdida y esperanza. Considerada una de las obras mas influyentes de su genero.",https://covers.biblioteca.local/00813.jpg,1,978-0-608-75243-3,18
814,Infinito Rio 5,La narracion se despliega entre distintos escenarios y epocas. Un relato profundo sobre las relaciones humanas y el paso del tiempo. Una reflexion sobre la sociedad contemporanea contada con maestria.,https://covers.biblioteca.local/00814.jpg,3,978-1-294-20954-6,2
815,La cronicas tras bosque,Una reflexion sobre la sociedad contemporanea contada con maestria. Un clasico recomendado para lectores de todas las edades. Un relato profundo sobre las relaciones humanas y el paso del tiempo.,https://covers.biblioteca.local/00815.jpg,2,978-1-9737-4605-8,21
816,Ultimo Rio,"Un texto imprescindible para comprender las tensiones de su tiempo. La narracion se despliega entre distintos escenarios y epocas. Una trama envolvente que mezcla drama, misterio y superacion personal.",https://covers.biblioteca.local/00816.jpg,2,978-0-302-76420-6,30
817,La desierto tras jardin,Una historia que atrapa desde la primera pagina. La narracion se despliega entre distintos escenarios y epocas. Un clasico recomendado para lectores de todas las edades.,https://covers.biblioteca.local/00817.jpg,3,978-1-67566-184-0,29
818,La mar del viaje,La narracion se despliega entre distintos escenarios y epocas. Los personajes enfrentan decisiones que cambiaran su destino para siempre.,https://covers.biblioteca.local/00818.jpg,3,978-0-86125-904-5,21
819,El Rio sin desierto,Un relato profundo sobre las relaciones humanas y el paso del tiempo. El autor construye un mundo lleno de detalles y matices inolvidables. Los personajes enfrentan decisiones que cambiaran su destino para siempre.,https://covers.biblioteca.local/00819.jpg,5,978-0-927742-33-7,12
820,El Viaje del horizonte 8,"La narracion se despliega entre distintos escenarios y epocas. Un texto imprescindible para comprender las tensiones de su tiempo. La obra explora temas de identidad, perdida y esperanza.",https://covers.biblioteca.local/00820.jpg,4,978-0-591-26620-7,8
821,La umbral y el espejo,Una reflexion sobre la sociedad contemporanea contada con maestria. La narracion se despliega entre distintos escenarios y epocas.,https://covers.biblioteca.local/00821.jpg,5,978-1-72018-596-3,7
822,La corazon del umbral,"El autor construye un mundo lleno de detalles y matices inolvidables. Una trama envolvente que mezcla drama, misterio y superacion personal. Los personajes enfrentan decisiones que cambiaran su destino para siempre.",https://covers.biblioteca.local/00822.jpg,1,978-1-301-36749-8,37
823,Rio infinito,"Un clasico recomendado para lectores de todas las edades. La obra explora temas de identidad, perdida y esperanza. El autor construye un mundo lleno de detalles y matices inolvidables.",https://covers.biblioteca.local/00823.jpg,4,978-1-176-47501-4,28
824,El Camino sin laberinto,"La narracion se despliega entre distintos escenarios y epocas. Un viaje narrativo que combina emocion e intriga en cada capitulo. La obra explora temas de identidad, perdida y esperanza.",https://covers.biblioteca.local/00824.jpg,3,978-0-17-830999-0,32
825,El Espejo y el silencio,"Una trama envolvente que mezcla drama, misterio y superacion personal. Los personajes enfrentan decisiones que cambiaran su destino para siempre.",https://covers.biblioteca.local/00825.jpg,3,978-1-192-67649-5,10
826,Espejo oscuro 3,Considerada una de las obras mas influyentes de su genero. Un relato profundo sobre las relaciones humanas y el paso del tiempo.,https://covers.biblioteca.local/00826.jpg,4,978-0-518-26068-4,33
827,Cronicas invisible 7,Un clasico recomendado para lectores de todas las edades. Un relato profundo sobre las relaciones humanas y el paso del tiempo. Considerada una de las obras mas influyentes de su genero.,https://covers.biblioteca.local/00827.jpg,2,978-0-89813-129-1,2
828,El Cronicas y el reino,El autor construye un mundo lleno de detalles y matices inolvidables. Una historia que atrapa desde la primera pagina.,https://covers.biblioteca.local/00828.jpg,1,978-0-87510-293-1,6
829,La mar tras destino 9,"Una reflexion sobre la sociedad contemporanea contada con maestria. La obra explora temas de identidad, perdida y esperanza. Un viaje narrativo que combina emocion e intriga en cada capitulo.",https://covers.biblioteca.local/00829.jpg,1,978-0-8401-1845-5,12
830,El Desierto en cronicas,El autor construye un mundo lleno de detalles y matices inolvidables. Considerada una de las obras mas influyentes de su genero.,https://covers.biblioteca.local/00830.jpg,4,978-1-03-408487-7,2
831,El Horizonte de jardin,"La narracion se despliega entre distintos escenarios y epocas. Una trama envolvente que mezcla drama, misterio y superacion personal.",https://covers.biblioteca.local/00831.jpg,3,978-1-58598-831-0,30
832,La desierto sin puente 8,"Un relato profundo sobre las relaciones humanas y el paso del tiempo. La obra explora temas de identidad, perdida y esperanza. La narracion se despliega entre distintos escenarios y epocas.",https://covers.biblioteca.local/00832.jpg,2,978-0-03-243298-7,1
833,Eterno Jardin,Una historia que atrapa desde la primera pagina. Un viaje narrativo que combina emocion e intriga en cada capitulo.,https://covers.biblioteca.local/00833.jpg,1,978-1-4296-1844-1,31
834,Dorado Silencio,Un relato profundo sobre las relaciones humanas y el paso del tiempo. Los personajes enfrentan decisiones que cambiaran su destino para siempre.,https://covers.biblioteca.local/00834.jpg,3,978-0-671-46283-3,30
835,Prohibido Silencio,"Un relato profundo sobre las relaciones humanas y el paso del tiempo. La obra explora temas de identidad, perdida y esperanza.",https://covers.biblioteca.local/00835.jpg,3,978-1-359-89262-1,10
836,Umbral prohibido,"Una trama envolvente que mezcla drama, misterio y superacion personal. Un clasico recomendado para lectores de todas las edades.",https://covers.biblioteca.local/00836.jpg,2,978-1-60931-418-7,16
837,Lejano Mar,Una historia que atrapa desde la primera pagina. Una reflexion sobre la sociedad contemporanea contada con maestria. Un texto imprescindible para comprender las tensiones de su tiempo.,https://covers.biblioteca.local/00837.jpg,2,978-1-151-55423-9,7
838,La camino y el horizonte 9,Un viaje narrativo que combina emocion e intriga en cada capitulo. Una historia que atrapa desde la primera pagina. Considerada una de las obras mas influyentes de su genero.,https://covers.biblioteca.local/00838.jpg,4,978-0-16-361128-2,2
839,Mar profundo,Los personajes enfrentan decisiones que cambiaran su destino para siempre. La narracion se despliega entre distintos escenarios y epocas.,https://covers.biblioteca.local/00839.jpg,1,978-1-185-94849-3,27
840,Bosque prohibido,"Una trama envolvente que mezcla drama, misterio y superacion personal. El autor construye un mundo lleno de detalles y matices inolvidables. Una historia que atrapa desde la primera pagina.",https://covers.biblioteca.local/00840.jpg,2,978-0-256-25889-9,11
841,La viaje y el puente,Un viaje narrativo que combina emocion e intriga en cada capitulo. Considerada una de las obras mas influyentes de su genero. Un texto imprescindible para comprender las tensiones de su tiempo.,https://covers.biblioteca.local/00841.jpg,1,978-1-924082-22-8,38
842,La desierto tras cronicas,"La obra explora temas de identidad, perdida y esperanza. Los personajes enfrentan decisiones que cambiaran su destino para siempre. El autor construye un mundo lleno de detalles y matices inolvidables.",https://covers.biblioteca.local/00842.jpg,2,978-1-05-396727-4,27
843,La umbral del desierto,Los personajes enfrentan decisiones que cambiaran su destino para siempre. Un relato profundo sobre las relaciones humanas y el paso del tiempo.,https://covers.biblioteca.local/00843.jpg,2,978-1-84468-341-3,31
844,Silencioso Viaje,"Un clasico recomendado para lectores de todas las edades. Una trama envolvente que mezcla drama, misterio y superacion personal.",https://covers.biblioteca.local/00844.jpg,1,978-1-5111-3129-2,7
845,Roto Cielo 2,Una reflexion sobre la sociedad contemporanea contada con maestria. Los personajes enfrentan decisiones que cambiaran su destino para siempre.,https://covers.biblioteca.local/00845.jpg,2,978-0-487-06827-4,23
846,Silencioso Corazon,Un relato profundo sobre las relaciones humanas y el paso del tiempo. Una reflexion sobre la sociedad contemporanea contada con maestria.,https://covers.biblioteca.local/00846.jpg,1,978-0-609-30685-7,28
847,El Desierto del bosque,"Una trama envolvente que mezcla drama, misterio y superacion personal. Los personajes enfrentan decisiones que cambiaran su destino para siempre.",https://covers.biblioteca.local/00847.jpg,3,978-0-9728321-5-1,22
848,La camino sin sueno,Un texto imprescindible para comprender las tensiones de su tiempo. Considerada una de las obras mas influyentes de su genero.,https://covers.biblioteca.local/00848.jpg,1,978-1-06-762515-3,39
849,El Legado de destino,Un relato profundo sobre las relaciones humanas y el paso del tiempo. Un texto imprescindible para comprender las tensiones de su tiempo. Un clasico recomendado para lectores de todas las edades.,https://covers.biblioteca.local/00849.jpg,1,978-0-447-44309-7,40
850,El Reino tras bosque 5,"La obra explora temas de identidad, perdida y esperanza. Los personajes enfrentan decisiones que cambiaran su destino para siempre. Una trama envolvente que mezcla drama, misterio y superacion personal.",https://covers.biblioteca.local/00850.jpg,2,978-0-480-79705-8,33
851,La laberinto del bosque 5,El autor construye un mundo lleno de detalles y matices inolvidables. Una historia que atrapa desde la primera pagina. Un viaje narrativo que combina emocion e intriga en cada capitulo.,https://covers.biblioteca.local/00851.jpg,2,978-1-5451-0526-9,31
852,La espejo sin reino,Los personajes enfrentan decisiones que cambiaran su destino para siempre. Una reflexion sobre la sociedad contemporanea contada con maestria.,https://covers.biblioteca.local/00852.jpg,3,978-0-16-731882-8,27
853,La fuego tras secreto,Considerada una de las obras mas influyentes de su genero. El autor construye un mundo lleno de detalles y matices inolvidables.,https://covers.biblioteca.local/00853.jpg,2,978-0-7024-3765-6,15
854,Infinito Silencio,"Una trama envolvente que mezcla drama, misterio y superacion personal. Considerada una de las obras mas influyentes de su genero. Una reflexion sobre la sociedad contemporanea contada con maestria.",https://covers.biblioteca.local/00854.jpg,2,978-1-62841-772-2,2
855,Castillo ultimo,Un relato profundo sobre las relaciones humanas y el paso del tiempo. Una reflexion sobre la sociedad contemporanea contada con maestria.,https://covers.biblioteca.local/00855.jpg,1,978-1-60531-340-5,21
856,Reino infinito,El autor construye un mundo lleno de detalles y matices inolvidables. Una historia que atrapa desde la primera pagina.,https://covers.biblioteca.local/00856.jpg,3,978-1-65023-741-1,10
857,El Fuego tras cronicas,El autor construye un mundo lleno de detalles y matices inolvidables. Un texto imprescindible para comprender las tensiones de su tiempo. Considerada una de las obras mas influyentes de su genero.,https://covers.biblioteca.local/00857.jpg,2,978-1-872568-62-1,20
858,La puente de sueno,Un texto imprescindible para comprender las tensiones de su tiempo. El autor construye un mundo lleno de detalles y matices inolvidables.,https://covers.biblioteca.local/00858.jpg,3,978-0-02-258030-8,29
859,Escondido Legado,La narracion se despliega entre distintos escenarios y epocas. El autor construye un mundo lleno de detalles y matices inolvidables. Un viaje narrativo que combina emocion e intriga en cada capitulo.,https://covers.biblioteca.local/00859.jpg,1,978-1-906744-71-7,20
860,Castillo sagrado 6,Un relato profundo sobre las relaciones humanas y el paso del tiempo. Considerada una de las obras mas influyentes de su genero.,https://covers.biblioteca.local/00860.jpg,2,978-0-928234-14-5,36
861,La corazon en fuego,Una historia que atrapa desde la primera pagina. Un texto imprescindible para comprender las tensiones de su tiempo.,https://covers.biblioteca.local/00861.jpg,1,978-1-371-89239-5,35
862,La secreto en silencio,Un texto imprescindible para comprender las tensiones de su tiempo. Una historia que atrapa desde la primera pagina.,https://covers.biblioteca.local/00862.jpg,1,978-0-12-604326-6,24
863,La fuego sin puente,Una historia que atrapa desde la primera pagina. La narracion se despliega entre distintos escenarios y epocas.,https://covers.biblioteca.local/00863.jpg,1,978-0-10-668433-5,8
864,Laberinto dorado 5,Los personajes enfrentan decisiones que cambiaran su destino para siempre. Un texto imprescindible para comprender las tensiones de su tiempo. Un clasico recomendado para lectores de todas las edades.,https://covers.biblioteca.local/00864.jpg,2,978-1-70860-414-1,9
865,Corazon dorado,Una reflexion sobre la sociedad contemporanea contada con maestria. Considerada una de las obras mas influyentes de su genero.,https://covers.biblioteca.local/00865.jpg,1,978-1-56350-200-2,38
866,Antiguo Destino,"La obra explora temas de identidad, perdida y esperanza. El autor construye un mundo lleno de detalles y matices inolvidables.",https://covers.biblioteca.local/00866.jpg,2,978-1-347-49162-1,27
867,Prohibido Viaje 9,Una reflexion sobre la sociedad contemporanea contada con maestria. La narracion se despliega entre distintos escenarios y epocas.,https://covers.biblioteca.local/00867.jpg,5,978-1-55411-082-7,34
868,Mar sagrado,"Los personajes enfrentan decisiones que cambiaran su destino para siempre. Un clasico recomendado para lectores de todas las edades. Una trama envolvente que mezcla drama, misterio y superacion personal.",https://covers.biblioteca.local/00868.jpg,2,978-1-59895-343-5,28
869,Legado prohibido,"La obra explora temas de identidad, perdida y esperanza. Un texto imprescindible para comprender las tensiones de su tiempo. Considerada una de las obras mas influyentes de su genero.",https://covers.biblioteca.local/00869.jpg,1,978-0-12-910933-4,9
870,Sagrado Corazon 3,"Una trama envolvente que mezcla drama, misterio y superacion personal. Un texto imprescindible para comprender las tensiones de su tiempo.",https://covers.biblioteca.local/00870.jpg,2,978-0-18-954738-1,3
871,Antiguo Bosque,Un relato profundo sobre las relaciones humanas y el paso del tiempo. Un texto imprescindible para comprender las tensiones de su tiempo. Una reflexion sobre la sociedad contemporanea contada con maestria.,https://covers.biblioteca.local/00871.jpg,3,978-0-236-84855-3,37
872,La camino sin castillo,Una reflexion sobre la sociedad contemporanea contada con maestria. Los personajes enfrentan decisiones que cambiaran su destino para siempre.,https://covers.biblioteca.local/00872.jpg,1,978-0-617-68802-0,24
873,La espejo y el jardin,"La obra explora temas de identidad, perdida y esperanza. Un clasico recomendado para lectores de todas las edades.",https://covers.biblioteca.local/00873.jpg,1,978-0-409-03678-7,27
874,El Espejo en viaje,"Un texto imprescindible para comprender las tensiones de su tiempo. Una trama envolvente que mezcla drama, misterio y superacion personal.",https://covers.biblioteca.local/00874.jpg,1,978-0-7868-6694-6,1
875,El Cielo en rio,"El autor construye un mundo lleno de detalles y matices inolvidables. Una trama envolvente que mezcla drama, misterio y superacion personal.",https://covers.biblioteca.local/00875.jpg,1,978-0-02-939087-0,37
876,La mar y el laberinto,"Una trama envolvente que mezcla drama, misterio y superacion personal. Un clasico recomendado para lectores de todas las edades. La obra explora temas de identidad, perdida y esperanza.",https://covers.biblioteca.local/00876.jpg,3,978-1-344-81230-6,9
877,Destino escondido,Un texto imprescindible para comprender las tensiones de su tiempo. Una reflexion sobre la sociedad contemporanea contada con maestria.,https://covers.biblioteca.local/00877.jpg,1,978-1-02-424033-7,6
878,Laberinto oscuro 9,"La narracion se despliega entre distintos escenarios y epocas. Un relato profundo sobre las relaciones humanas y el paso del tiempo. La obra explora temas de identidad, perdida y esperanza.",https://covers.biblioteca.local/00878.jpg,4,978-0-595-51842-5,2
879,La cielo tras bosque,Un viaje narrativo que combina emocion e intriga en cada capitulo. Un clasico recomendado para lectores de todas las edades.,https://covers.biblioteca.local/00879.jpg,2,978-1-5005-3424-0,35
880,El Mar sin viaje,Considerada una de las obras mas influyentes de su genero. Una historia que atrapa desde la primera pagina. Un relato profundo sobre las relaciones humanas y el paso del tiempo.,https://covers.biblioteca.local/00880.jpg,3,978-0-649-83735-9,35
881,Ultimo Sueno,Un viaje narrativo que combina emocion e intriga en cada capitulo. Un clasico recomendado para lectores de todas las edades.,https://covers.biblioteca.local/00881.jpg,2,978-0-9627365-2-0,29
882,El Cielo sin laberinto,"Un clasico recomendado para lectores de todas las edades. Una historia que atrapa desde la primera pagina. Una trama envolvente que mezcla drama, misterio y superacion personal.",https://covers.biblioteca.local/00882.jpg,2,978-0-7272-2397-5,2
883,El Corazon en horizonte 6,Un relato profundo sobre las relaciones humanas y el paso del tiempo. Un texto imprescindible para comprender las tensiones de su tiempo.,https://covers.biblioteca.local/00883.jpg,1,978-1-04-226931-0,35
884,Lejano Castillo,Los personajes enfrentan decisiones que cambiaran su destino para siempre. Un relato profundo sobre las relaciones humanas y el paso del tiempo.,https://covers.biblioteca.local/00884.jpg,1,978-0-637-61820-5,10
885,La silencio tras reino,Un clasico recomendado para lectores de todas las edades. Una reflexion sobre la sociedad contemporanea contada con maestria.,https://covers.biblioteca.local/00885.jpg,2,978-1-60100-231-0,12
886,Bosque profundo 4,Una reflexion sobre la sociedad contemporanea contada con maestria. Los personajes enfrentan decisiones que cambiaran su destino para siempre. El autor construye un mundo lleno de detalles y matices inolvidables.,https://covers.biblioteca.local/00886.jpg,2,978-0-900185-13-7,8
887,El Viaje del desierto,"Una trama envolvente que mezcla drama, misterio y superacion personal. Considerada una de las obras mas influyentes de su genero.",https://covers.biblioteca.local/00887.jpg,1,978-1-972457-23-8,33
888,Bosque invisible,"Una reflexion sobre la sociedad contemporanea contada con maestria. Una trama envolvente que mezcla drama, misterio y superacion personal.",https://covers.biblioteca.local/00888.jpg,2,978-1-81001-841-6,36
889,El Silencio tras secreto 2,Considerada una de las obras mas influyentes de su genero. Un clasico recomendado para lectores de todas las edades. Un relato profundo sobre las relaciones humanas y el paso del tiempo.,https://covers.biblioteca.local/00889.jpg,1,978-0-03-036625-3,16
890,Destino secreto 5,Una reflexion sobre la sociedad contemporanea contada con maestria. Considerada una de las obras mas influyentes de su genero.,https://covers.biblioteca.local/00890.jpg,4,978-0-617-21314-7,11
891,Camino ultimo 9,"La narracion se despliega entre distintos escenarios y epocas. La obra explora temas de identidad, perdida y esperanza. Una historia que atrapa desde la primera pagina.",https://covers.biblioteca.local/00891.jpg,2,978-0-9515109-2-6,4
892,Sueno invisible,Una reflexion sobre la sociedad contemporanea contada con maestria. La narracion se despliega entre distintos escenarios y epocas. Un viaje narrativo que combina emocion e intriga en cada capitulo.,https://covers.biblioteca.local/00892.jpg,1,978-1-85926-249-8,38
893,La camino del cielo,Los personajes enfrentan decisiones que cambiaran su destino para siempre. Un relato profundo sobre las relaciones humanas y el paso del tiempo.,https://covers.biblioteca.local/00893.jpg,4,978-1-147-54102-1,26
894,El Castillo tras cielo,El autor construye un mundo lleno de detalles y matices inolvidables. Un viaje narrativo que combina emocion e intriga en cada capitulo. Un clasico recomendado para lectores de todas las edades.,https://covers.biblioteca.local/00894.jpg,2,978-1-267-71196-0,33
895,La cronicas en fuego,"Un texto imprescindible para comprender las tensiones de su tiempo. Una trama envolvente que mezcla drama, misterio y superacion personal. Los personajes enfrentan decisiones que cambiaran su destino para siempre.",https://covers.biblioteca.local/00895.jpg,2,978-0-15-226557-1,16
896,La laberinto del destino,"Una historia que atrapa desde la primera pagina. La obra explora temas de identidad, perdida y esperanza. Un texto imprescindible para comprender las tensiones de su tiempo.",https://covers.biblioteca.local/00896.jpg,4,978-1-69523-668-4,39
897,Infinito Cielo 9,Considerada una de las obras mas influyentes de su genero. Un relato profundo sobre las relaciones humanas y el paso del tiempo. La narracion se despliega entre distintos escenarios y epocas.,https://covers.biblioteca.local/00897.jpg,2,978-1-883619-68-8,35
898,El Cronicas y el cronicas,Una reflexion sobre la sociedad contemporanea contada con maestria. El autor construye un mundo lleno de detalles y matices inolvidables.,https://covers.biblioteca.local/00898.jpg,3,978-0-350-30587-1,39
899,La horizonte del legado,"Un relato profundo sobre las relaciones humanas y el paso del tiempo. Una trama envolvente que mezcla drama, misterio y superacion personal.",https://covers.biblioteca.local/00899.jpg,2,978-0-05-524728-5,24
900,Escondido Jardin,Un texto imprescindible para comprender las tensiones de su tiempo. Una historia que atrapa desde la primera pagina.,https://covers.biblioteca.local/00900.jpg,4,978-0-330-21260-1,18
901,La viaje de desierto,Un texto imprescindible para comprender las tensiones de su tiempo. Un viaje narrativo que combina emocion e intriga en cada capitulo. La narracion se despliega entre distintos escenarios y epocas.,https://covers.biblioteca.local/00901.jpg,1,978-1-01-917920-8,32
902,La camino en umbral,Una historia que atrapa desde la primera pagina. Un viaje narrativo que combina emocion e intriga en cada capitulo.,https://covers.biblioteca.local/00902.jpg,1,978-1-213-10962-9,26
903,El Sueno sin corazon,"La obra explora temas de identidad, perdida y esperanza. Considerada una de las obras mas influyentes de su genero. Un viaje narrativo que combina emocion e intriga en cada capitulo.",https://covers.biblioteca.local/00903.jpg,1,978-1-284-76570-0,37
904,Secreto Mar,Un texto imprescindible para comprender las tensiones de su tiempo. Un relato profundo sobre las relaciones humanas y el paso del tiempo.,https://covers.biblioteca.local/00904.jpg,3,978-0-200-92820-5,9
905,La mar del corazon,Un viaje narrativo que combina emocion e intriga en cada capitulo. La narracion se despliega entre distintos escenarios y epocas. Una historia que atrapa desde la primera pagina.,https://covers.biblioteca.local/00905.jpg,3,978-1-78498-436-6,35
906,El Silencio tras cronicas 2,El autor construye un mundo lleno de detalles y matices inolvidables. Un texto imprescindible para comprender las tensiones de su tiempo. Los personajes enfrentan decisiones que cambiaran su destino para siempre.,https://covers.biblioteca.local/00906.jpg,2,978-1-186-23690-2,8
907,Umbral antiguo,Un texto imprescindible para comprender las tensiones de su tiempo. Un viaje narrativo que combina emocion e intriga en cada capitulo.,https://covers.biblioteca.local/00907.jpg,3,978-1-289-17756-0,4
908,La silencio sin destino,Una historia que atrapa desde la primera pagina. El autor construye un mundo lleno de detalles y matices inolvidables. Un viaje narrativo que combina emocion e intriga en cada capitulo.,https://covers.biblioteca.local/00908.jpg,2,978-0-05-634111-1,22
909,Rio dorado 5,Una reflexion sobre la sociedad contemporanea contada con maestria. Los personajes enfrentan decisiones que cambiaran su destino para siempre.,https://covers.biblioteca.local/00909.jpg,2,978-1-03-428113-9,5
910,El Jardin y el silencio,Un clasico recomendado para lectores de todas las edades. La narracion se despliega entre distintos escenarios y epocas.,https://covers.biblioteca.local/00910.jpg,1,978-1-383-03419-6,22
911,La secreto de umbral,Una reflexion sobre la sociedad contemporanea contada con maestria. Una historia que atrapa desde la primera pagina.,https://covers.biblioteca.local/00911.jpg,2,978-1-00-514054-0,22
912,Bosque escondido 3,Una historia que atrapa desde la primera pagina. Un texto imprescindible para comprender las tensiones de su tiempo.,https://covers.biblioteca.local/00912.jpg,4,978-0-565-21568-2,25
913,La legado de castillo,"Una trama envolvente que mezcla drama, misterio y superacion personal. Una historia que atrapa desde la primera pagina.",https://covers.biblioteca.local/00913.jpg,1,978-0-09-679042-9,20
914,Rio eterno,Considerada una de las obras mas influyentes de su genero. Una historia que atrapa desde la primera pagina.,https://covers.biblioteca.local/00914.jpg,3,978-1-113-32288-3,19
915,Horizonte eterno,Un viaje narrativo que combina emocion e intriga en cada capitulo. Un clasico recomendado para lectores de todas las edades. La narracion se despliega entre distintos escenarios y epocas.,https://covers.biblioteca.local/00915.jpg,1,978-1-254-59606-8,1
916,Horizonte escondido,Un clasico recomendado para lectores de todas las edades. Un texto imprescindible para comprender las tensiones de su tiempo. Un relato profundo sobre las relaciones humanas y el paso del tiempo.,https://covers.biblioteca.local/00916.jpg,1,978-0-9912971-0-8,22
917,El Destino sin laberinto,Un relato profundo sobre las relaciones humanas y el paso del tiempo. Un texto imprescindible para comprender las tensiones de su tiempo.,https://covers.biblioteca.local/00917.jpg,1,978-1-81717-524-2,1
918,El Mar del mar,La narracion se despliega entre distintos escenarios y epocas. Considerada una de las obras mas influyentes de su genero.,https://covers.biblioteca.local/00918.jpg,4,978-0-495-51127-4,17
919,La silencio y el desierto,"La obra explora temas de identidad, perdida y esperanza. Un viaje narrativo que combina emocion e intriga en cada capitulo. Un texto imprescindible para comprender las tensiones de su tiempo.",https://covers.biblioteca.local/00919.jpg,1,978-1-4721-9705-4,3
920,El Castillo en mar,Considerada una de las obras mas influyentes de su genero. La narracion se despliega entre distintos escenarios y epocas. Una reflexion sobre la sociedad contemporanea contada con maestria.,https://covers.biblioteca.local/00920.jpg,1,978-1-69275-895-0,20
921,La desierto en espejo 7,Considerada una de las obras mas influyentes de su genero. Un clasico recomendado para lectores de todas las edades.,https://covers.biblioteca.local/00921.jpg,3,978-0-687-40903-7,10
922,El Secreto sin cielo,El autor construye un mundo lleno de detalles y matices inolvidables. Una reflexion sobre la sociedad contemporanea contada con maestria.,https://covers.biblioteca.local/00922.jpg,1,978-0-14-629613-0,13
923,Roto Rio,"Un viaje narrativo que combina emocion e intriga en cada capitulo. La narracion se despliega entre distintos escenarios y epocas. Una trama envolvente que mezcla drama, misterio y superacion personal.",https://covers.biblioteca.local/00923.jpg,1,978-1-157-78711-2,30
924,La mar sin laberinto,"El autor construye un mundo lleno de detalles y matices inolvidables. Una reflexion sobre la sociedad contemporanea contada con maestria. La obra explora temas de identidad, perdida y esperanza.",https://covers.biblioteca.local/00924.jpg,2,978-0-663-65155-9,7
925,Camino prohibido,Una historia que atrapa desde la primera pagina. La narracion se despliega entre distintos escenarios y epocas.,https://covers.biblioteca.local/00925.jpg,2,978-0-7147-0827-0,15
926,Escondido Desierto,"Un viaje narrativo que combina emocion e intriga en cada capitulo. Una trama envolvente que mezcla drama, misterio y superacion personal.",https://covers.biblioteca.local/00926.jpg,1,978-0-590-96056-4,22
927,Viaje salvaje,Una historia que atrapa desde la primera pagina. Una reflexion sobre la sociedad contemporanea contada con maestria.,https://covers.biblioteca.local/00927.jpg,5,978-0-03-064421-4,1
928,El Puente de cielo,"La obra explora temas de identidad, perdida y esperanza. Los personajes enfrentan decisiones que cambiaran su destino para siempre.",https://covers.biblioteca.local/00928.jpg,1,978-0-461-47683-5,29
929,El Viaje del espejo 4,"Los personajes enfrentan decisiones que cambiaran su destino para siempre. La obra explora temas de identidad, perdida y esperanza.",https://covers.biblioteca.local/00929.jpg,5,978-0-01-654235-0,22
930,El Reino en bosque 2,El autor construye un mundo lleno de detalles y matices inolvidables. La narracion se despliega entre distintos escenarios y epocas.,https://covers.biblioteca.local/00930.jpg,3,978-1-78265-960-0,8
931,La viaje en destino,Una reflexion sobre la sociedad contemporanea contada con maestria. Un texto imprescindible para comprender las tensiones de su tiempo.,https://covers.biblioteca.local/00931.jpg,2,978-0-9925502-7-1,11
932,Legado secreto,"La obra explora temas de identidad, perdida y esperanza. Un texto imprescindible para comprender las tensiones de su tiempo.",https://covers.biblioteca.local/00932.jpg,2,978-1-5164-8072-2,13
933,Salvaje Legado,Una reflexion sobre la sociedad contemporanea contada con maestria. Un clasico recomendado para lectores de todas las edades. El autor construye un mundo lleno de detalles y matices inolvidables.,https://covers.biblioteca.local/00933.jpg,2,978-0-03-368296-1,16
934,El Desierto sin viaje,"La obra explora temas de identidad, perdida y esperanza. Una reflexion sobre la sociedad contemporanea contada con maestria. Un viaje narrativo que combina emocion e intriga en cada capitulo.",https://covers.biblioteca.local/00934.jpg,2,978-1-339-05504-6,4
935,Viaje secreto 9,"La obra explora temas de identidad, perdida y esperanza. Considerada una de las obras mas influyentes de su genero.",https://covers.biblioteca.local/00935.jpg,4,978-0-7766-5586-4,25
936,Profundo Legado 7,"Un texto imprescindible para comprender las tensiones de su tiempo. Una trama envolvente que mezcla drama, misterio y superacion personal. La narracion se despliega entre distintos escenarios y epocas.",https://covers.biblioteca.local/00936.jpg,1,978-0-276-52892-7,18
937,Fuego oscuro,Un viaje narrativo que combina emocion e intriga en cada capitulo. Un texto imprescindible para comprender las tensiones de su tiempo.,https://covers.biblioteca.local/00937.jpg,1,978-1-4649-1111-8,29
938,Salvaje Viaje,El autor construye un mundo lleno de detalles y matices inolvidables. Un texto imprescindible para comprender las tensiones de su tiempo. Un clasico recomendado para lectores de todas las edades.,https://covers.biblioteca.local/00938.jpg,3,978-1-179-81789-7,11
939,La sueno sin rio,Un relato profundo sobre las relaciones humanas y el paso del tiempo. Los personajes enfrentan decisiones que cambiaran su destino para siempre.,https://covers.biblioteca.local/00939.jpg,3,978-1-63378-613-4,29
940,La secreto sin camino,Considerada una de las obras mas influyentes de su genero. Un clasico recomendado para lectores de todas las edades. Una reflexion sobre la sociedad contemporanea contada con maestria.,https://covers.biblioteca.local/00940.jpg,1,978-0-576-60538-0,28
941,Destino infinito,"Una reflexion sobre la sociedad contemporanea contada con maestria. Una trama envolvente que mezcla drama, misterio y superacion personal. Un texto imprescindible para comprender las tensiones de su tiempo.",https://covers.biblioteca.local/00941.jpg,2,978-1-4463-0600-0,18
942,Jardin silencioso,Un viaje narrativo que combina emocion e intriga en cada capitulo. Los personajes enfrentan decisiones que cambiaran su destino para siempre. Un relato profundo sobre las relaciones humanas y el paso del tiempo.,https://covers.biblioteca.local/00942.jpg,1,978-0-589-55296-1,23
943,El Espejo sin corazon,Los personajes enfrentan decisiones que cambiaran su destino para siempre. Un viaje narrativo que combina emocion e intriga en cada capitulo.,https://covers.biblioteca.local/00943.jpg,1,978-1-396-09626-6,7
944,El Rio en camino,Una reflexion sobre la sociedad contemporanea contada con maestria. Un viaje narrativo que combina emocion e intriga en cada capitulo.,https://covers.biblioteca.local/00944.jpg,2,978-1-58263-128-8,22
945,La espejo tras cronicas,"Un viaje narrativo que combina emocion e intriga en cada capitulo. Un clasico recomendado para lectores de todas las edades. La obra explora temas de identidad, perdida y esperanza.",https://covers.biblioteca.local/00945.jpg,4,978-1-4825-3110-7,35
946,La jardin en espejo,El autor construye un mundo lleno de detalles y matices inolvidables. Un texto imprescindible para comprender las tensiones de su tiempo. Un clasico recomendado para lectores de todas las edades.,https://covers.biblioteca.local/00946.jpg,4,978-0-920981-96-2,1
947,Fuego sagrado,El autor construye un mundo lleno de detalles y matices inolvidables. Un viaje narrativo que combina emocion e intriga en cada capitulo.,https://covers.biblioteca.local/00947.jpg,4,978-0-7523-3438-7,15
948,Destino profundo 3,Un viaje narrativo que combina emocion e intriga en cada capitulo. El autor construye un mundo lleno de detalles y matices inolvidables. La narracion se despliega entre distintos escenarios y epocas.,https://covers.biblioteca.local/00948.jpg,3,978-1-4041-2091-4,14
949,Destino ultimo,"La obra explora temas de identidad, perdida y esperanza. Un clasico recomendado para lectores de todas las edades. Un texto imprescindible para comprender las tensiones de su tiempo.",https://covers.biblioteca.local/00949.jpg,2,978-1-911244-21-9,20
950,El Umbral tras puente,Un viaje narrativo que combina emocion e intriga en cada capitulo. El autor construye un mundo lleno de detalles y matices inolvidables. La narracion se despliega entre distintos escenarios y epocas.,https://covers.biblioteca.local/00950.jpg,1,978-1-5361-7061-0,26
951,La laberinto sin jardin,"La obra explora temas de identidad, perdida y esperanza. Un texto imprescindible para comprender las tensiones de su tiempo.",https://covers.biblioteca.local/00951.jpg,3,978-0-366-57224-3,22
952,Horizonte roto,Un relato profundo sobre las relaciones humanas y el paso del tiempo. Considerada una de las obras mas influyentes de su genero. El autor construye un mundo lleno de detalles y matices inolvidables.,https://covers.biblioteca.local/00952.jpg,5,978-0-9901557-9-9,13
953,Bosque profundo,La narracion se despliega entre distintos escenarios y epocas. Los personajes enfrentan decisiones que cambiaran su destino para siempre. Un relato profundo sobre las relaciones humanas y el paso del tiempo.,https://covers.biblioteca.local/00953.jpg,2,978-0-8413-9080-5,11
954,El Cronicas sin reino,Un texto imprescindible para comprender las tensiones de su tiempo. Un clasico recomendado para lectores de todas las edades.,https://covers.biblioteca.local/00954.jpg,1,978-0-513-05231-4,32
955,El Reino del rio,Los personajes enfrentan decisiones que cambiaran su destino para siempre. Un viaje narrativo que combina emocion e intriga en cada capitulo. La narracion se despliega entre distintos escenarios y epocas.,https://covers.biblioteca.local/00955.jpg,1,978-1-4731-5847-4,19
956,El Destino de puente,"La obra explora temas de identidad, perdida y esperanza. Una reflexion sobre la sociedad contemporanea contada con maestria.",https://covers.biblioteca.local/00956.jpg,2,978-1-86342-346-5,27
957,Reino eterno,Considerada una de las obras mas influyentes de su genero. El autor construye un mundo lleno de detalles y matices inolvidables.,https://covers.biblioteca.local/00957.jpg,1,978-1-237-67694-7,31
958,El Horizonte del castillo,Los personajes enfrentan decisiones que cambiaran su destino para siempre. El autor construye un mundo lleno de detalles y matices inolvidables.,https://covers.biblioteca.local/00958.jpg,2,978-0-9663955-1-8,31
959,Sagrado Legado 9,"Un viaje narrativo que combina emocion e intriga en cada capitulo. Una historia que atrapa desde la primera pagina. La obra explora temas de identidad, perdida y esperanza.",https://covers.biblioteca.local/00959.jpg,1,978-0-08-496498-6,29
960,El Horizonte sin secreto,"Un clasico recomendado para lectores de todas las edades. Una trama envolvente que mezcla drama, misterio y superacion personal. La narracion se despliega entre distintos escenarios y epocas.",https://covers.biblioteca.local/00960.jpg,2,978-1-01-256253-3,30
961,El Rio en fuego,Una reflexion sobre la sociedad contemporanea contada con maestria. Los personajes enfrentan decisiones que cambiaran su destino para siempre. El autor construye un mundo lleno de detalles y matices inolvidables.,https://covers.biblioteca.local/00961.jpg,1,978-0-552-51050-9,40
962,Infinito Destino 8,Un texto imprescindible para comprender las tensiones de su tiempo. Un clasico recomendado para lectores de todas las edades.,https://covers.biblioteca.local/00962.jpg,1,978-0-7953-8164-5,7
963,Legado oscuro,"La obra explora temas de identidad, perdida y esperanza. Los personajes enfrentan decisiones que cambiaran su destino para siempre.",https://covers.biblioteca.local/00963.jpg,3,978-0-18-491966-4,35
964,La cronicas de legado,"Una trama envolvente que mezcla drama, misterio y superacion personal. El autor construye un mundo lleno de detalles y matices inolvidables.",https://covers.biblioteca.local/00964.jpg,1,978-1-330-77046-7,36
965,El Puente de bosque,"El autor construye un mundo lleno de detalles y matices inolvidables. Una trama envolvente que mezcla drama, misterio y superacion personal. La obra explora temas de identidad, perdida y esperanza.",https://covers.biblioteca.local/00965.jpg,1,978-0-7295-9639-8,17
966,Jardin secreto 9,Una reflexion sobre la sociedad contemporanea contada con maestria. El autor construye un mundo lleno de detalles y matices inolvidables. Un viaje narrativo que combina emocion e intriga en cada capitulo.,https://covers.biblioteca.local/00966.jpg,2,978-1-09-074260-5,26
967,El Jardin en bosque,Una reflexion sobre la sociedad contemporanea contada con maestria. La narracion se despliega entre distintos escenarios y epocas.,https://covers.biblioteca.local/00967.jpg,3,978-1-01-716445-9,30
968,Destino secreto,Considerada una de las obras mas influyentes de su genero. La narracion se despliega entre distintos escenarios y epocas.,https://covers.biblioteca.local/00968.jpg,3,978-1-185-79064-1,16
969,Castillo prohibido,"La obra explora temas de identidad, perdida y esperanza. Un texto imprescindible para comprender las tensiones de su tiempo. Una historia que atrapa desde la primera pagina.",https://covers.biblioteca.local/00969.jpg,4,978-1-159-10300-2,39
970,El Reino en bosque,"La obra explora temas de identidad, perdida y esperanza. Un relato profundo sobre las relaciones humanas y el paso del tiempo. Una historia que atrapa desde la primera pagina.",https://covers.biblioteca.local/00970.jpg,5,978-0-563-21358-1,18
971,Roto Legado 2,"Una trama envolvente que mezcla drama, misterio y superacion personal. Una historia que atrapa desde la primera pagina.",https://covers.biblioteca.local/00971.jpg,3,978-0-401-04145-1,34
972,Camino ultimo 2,Un viaje narrativo que combina emocion e intriga en cada capitulo. Un texto imprescindible para comprender las tensiones de su tiempo. Una reflexion sobre la sociedad contemporanea contada con maestria.,https://covers.biblioteca.local/00972.jpg,2,978-1-229-71252-3,16
973,Jardin ultimo 7,La narracion se despliega entre distintos escenarios y epocas. Un texto imprescindible para comprender las tensiones de su tiempo.,https://covers.biblioteca.local/00973.jpg,1,978-1-188-39774-8,5
974,Eterno Cronicas,"Un texto imprescindible para comprender las tensiones de su tiempo. La obra explora temas de identidad, perdida y esperanza.",https://covers.biblioteca.local/00974.jpg,1,978-1-314-41583-4,3
975,Corazon eterno,Una reflexion sobre la sociedad contemporanea contada con maestria. Considerada una de las obras mas influyentes de su genero. Un viaje narrativo que combina emocion e intriga en cada capitulo.,https://covers.biblioteca.local/00975.jpg,3,978-0-17-030376-7,40
976,Salvaje Silencio,Un viaje narrativo que combina emocion e intriga en cada capitulo. Un texto imprescindible para comprender las tensiones de su tiempo.,https://covers.biblioteca.local/00976.jpg,2,978-1-153-98854-4,7
977,La laberinto del jardin,La narracion se despliega entre distintos escenarios y epocas. Una reflexion sobre la sociedad contemporanea contada con maestria. Una historia que atrapa desde la primera pagina.,https://covers.biblioteca.local/00977.jpg,2,978-0-8123-5679-3,25
978,Escondido Secreto,La narracion se despliega entre distintos escenarios y epocas. Los personajes enfrentan decisiones que cambiaran su destino para siempre.,https://covers.biblioteca.local/00978.jpg,2,978-1-314-62491-5,40
979,La camino de viaje,"Los personajes enfrentan decisiones que cambiaran su destino para siempre. Un clasico recomendado para lectores de todas las edades. Una trama envolvente que mezcla drama, misterio y superacion personal.",https://covers.biblioteca.local/00979.jpg,3,978-1-113-07240-5,7
980,La fuego tras horizonte 4,"La obra explora temas de identidad, perdida y esperanza. La narracion se despliega entre distintos escenarios y epocas. Una reflexion sobre la sociedad contemporanea contada con maestria.",https://covers.biblioteca.local/00980.jpg,1,978-1-5418-1563-6,31
981,El Laberinto de desierto,El autor construye un mundo lleno de detalles y matices inolvidables. Considerada una de las obras mas influyentes de su genero. Un viaje narrativo que combina emocion e intriga en cada capitulo.,https://covers.biblioteca.local/00981.jpg,1,978-1-86850-745-0,33
982,El Secreto de desierto,Los personajes enfrentan decisiones que cambiaran su destino para siempre. Un viaje narrativo que combina emocion e intriga en cada capitulo.,https://covers.biblioteca.local/00982.jpg,1,978-0-663-43629-3,28
983,Antiguo Umbral 6,"La obra explora temas de identidad, perdida y esperanza. El autor construye un mundo lleno de detalles y matices inolvidables.",https://covers.biblioteca.local/00983.jpg,1,978-1-86103-131-0,14
984,El Secreto tras desierto,"Un texto imprescindible para comprender las tensiones de su tiempo. Una reflexion sobre la sociedad contemporanea contada con maestria. La obra explora temas de identidad, perdida y esperanza.",https://covers.biblioteca.local/00984.jpg,1,978-0-943181-43-1,18
985,La fuego de corazon,La narracion se despliega entre distintos escenarios y epocas. Los personajes enfrentan decisiones que cambiaran su destino para siempre. Una historia que atrapa desde la primera pagina.,https://covers.biblioteca.local/00985.jpg,2,978-1-61347-323-8,15
986,La laberinto del viaje,La narracion se despliega entre distintos escenarios y epocas. Un viaje narrativo que combina emocion e intriga en cada capitulo.,https://covers.biblioteca.local/00986.jpg,3,978-1-940128-97-9,15
987,Escondido Fuego 2,"Una trama envolvente que mezcla drama, misterio y superacion personal. Un relato profundo sobre las relaciones humanas y el paso del tiempo.",https://covers.biblioteca.local/00987.jpg,2,978-0-251-22572-8,13
988,El Fuego del viaje,"Un relato profundo sobre las relaciones humanas y el paso del tiempo. La obra explora temas de identidad, perdida y esperanza.",https://covers.biblioteca.local/00988.jpg,1,978-1-65024-120-3,38
989,Dorado Corazon,"El autor construye un mundo lleno de detalles y matices inolvidables. Una trama envolvente que mezcla drama, misterio y superacion personal.",https://covers.biblioteca.local/00989.jpg,2,978-1-907371-00-4,20
990,Roto Secreto,"La obra explora temas de identidad, perdida y esperanza. Un clasico recomendado para lectores de todas las edades. Un viaje narrativo que combina emocion e intriga en cada capitulo.",https://covers.biblioteca.local/00990.jpg,1,978-0-88221-145-9,20
991,La mar y el fuego,"Los personajes enfrentan decisiones que cambiaran su destino para siempre. Una trama envolvente que mezcla drama, misterio y superacion personal.",https://covers.biblioteca.local/00991.jpg,1,978-1-58474-570-9,6
992,La horizonte y el reino,"Una trama envolvente que mezcla drama, misterio y superacion personal. El autor construye un mundo lleno de detalles y matices inolvidables. Considerada una de las obras mas influyentes de su genero.",https://covers.biblioteca.local/00992.jpg,3,978-1-58971-480-9,40
993,El Horizonte y el rio 6,"Considerada una de las obras mas influyentes de su genero. La obra explora temas de identidad, perdida y esperanza.",https://covers.biblioteca.local/00993.jpg,3,978-1-325-70396-8,17
994,Espejo salvaje 9,"Una reflexion sobre la sociedad contemporanea contada con maestria. La obra explora temas de identidad, perdida y esperanza.",https://covers.biblioteca.local/00994.jpg,3,978-0-13-614878-4,31
995,El Jardin sin puente 9,El autor construye un mundo lleno de detalles y matices inolvidables. Un texto imprescindible para comprender las tensiones de su tiempo. Una reflexion sobre la sociedad contemporanea contada con maestria.,https://covers.biblioteca.local/00995.jpg,1,978-1-55696-443-5,25
996,Espejo secreto,Una historia que atrapa desde la primera pagina. Un relato profundo sobre las relaciones humanas y el paso del tiempo. El autor construye un mundo lleno de detalles y matices inolvidables.,https://covers.biblioteca.local/00996.jpg,1,978-1-916795-41-9,37
997,Roto Silencio,Un texto imprescindible para comprender las tensiones de su tiempo. Una reflexion sobre la sociedad contemporanea contada con maestria. Considerada una de las obras mas influyentes de su genero.,https://covers.biblioteca.local/00997.jpg,2,978-1-272-84982-5,32
998,La legado de fuego,El autor construye un mundo lleno de detalles y matices inolvidables. Un viaje narrativo que combina emocion e intriga en cada capitulo. La narracion se despliega entre distintos escenarios y epocas.,https://covers.biblioteca.local/00998.jpg,2,978-1-4140-7034-6,31
999,El Puente tras legado,Un texto imprescindible para comprender las tensiones de su tiempo. La narracion se despliega entre distintos escenarios y epocas.,https://covers.biblioteca.local/00999.jpg,1,978-0-7406-5004-8,10
1000,La desierto y el cronicas,Los personajes enfrentan decisiones que cambiaran su destino para siempre. Un viaje narrativo que combina emocion e intriga en cada capitulo.,https://covers.biblioteca.local/01000.jpg,2,978-1-4882-1423-3,39
1001,El Fuego tras horizonte 8,Considerada una de las obras mas influyentes de su genero. Un viaje narrativo que combina emocion e intriga en cada capitulo.,https://covers.biblioteca.local/01001.jpg,2,978-0-430-75366-0,28
1002,Infinito Sueno,Considerada una de las obras mas influyentes de su genero. Un texto imprescindible para comprender las tensiones de su tiempo. El autor construye un mundo lleno de detalles y matices inolvidables.,https://covers.biblioteca.local/01002.jpg,1,978-0-449-42965-5,38
1003,La silencio tras rio,La narracion se despliega entre distintos escenarios y epocas. Un clasico recomendado para lectores de todas las edades.,https://covers.biblioteca.local/01003.jpg,2,978-0-426-83441-0,23
1004,Invisible Viaje,Un texto imprescindible para comprender las tensiones de su tiempo. Los personajes enfrentan decisiones que cambiaran su destino para siempre. Una historia que atrapa desde la primera pagina.,https://covers.biblioteca.local/01004.jpg,1,978-1-82661-287-5,11
1005,Jardin eterno,Un texto imprescindible para comprender las tensiones de su tiempo. El autor construye un mundo lleno de detalles y matices inolvidables.,https://covers.biblioteca.local/01005.jpg,2,978-1-75676-670-9,34
1006,Fuego lejano,"La obra explora temas de identidad, perdida y esperanza. Un texto imprescindible para comprender las tensiones de su tiempo. Una reflexion sobre la sociedad contemporanea contada con maestria.",https://covers.biblioteca.local/01006.jpg,1,978-1-129-43985-8,12
1007,Roto Umbral,Considerada una de las obras mas influyentes de su genero. Un relato profundo sobre las relaciones humanas y el paso del tiempo.,https://covers.biblioteca.local/01007.jpg,3,978-1-06-260787-1,29
1008,El Reino del sueno 8,La narracion se despliega entre distintos escenarios y epocas. Un clasico recomendado para lectores de todas las edades. Un relato profundo sobre las relaciones humanas y el paso del tiempo.,https://covers.biblioteca.local/01008.jpg,1,978-0-04-159149-1,11
1009,El Espejo de horizonte,Los personajes enfrentan decisiones que cambiaran su destino para siempre. Un relato profundo sobre las relaciones humanas y el paso del tiempo.,https://covers.biblioteca.local/01009.jpg,2,978-1-01-980382-0,22
1010,Cronicas eterno 2,Los personajes enfrentan decisiones que cambiaran su destino para siempre. Una historia que atrapa desde la primera pagina.,https://covers.biblioteca.local/01010.jpg,3,978-0-324-40793-8,38
1011,El Bosque del corazon,El autor construye un mundo lleno de detalles y matices inolvidables. Un clasico recomendado para lectores de todas las edades.,https://covers.biblioteca.local/01011.jpg,3,978-0-02-918133-1,34
1012,La umbral y el laberinto,Una reflexion sobre la sociedad contemporanea contada con maestria. Un texto imprescindible para comprender las tensiones de su tiempo. La narracion se despliega entre distintos escenarios y epocas.,https://covers.biblioteca.local/01012.jpg,1,978-1-08-760146-5,21
1013,Antiguo Cronicas,El autor construye un mundo lleno de detalles y matices inolvidables. Un clasico recomendado para lectores de todas las edades. Una historia que atrapa desde la primera pagina.,https://covers.biblioteca.local/01013.jpg,3,978-0-384-97916-1,23
1014,La bosque de destino,"Un texto imprescindible para comprender las tensiones de su tiempo. La obra explora temas de identidad, perdida y esperanza. Una historia que atrapa desde la primera pagina.",https://covers.biblioteca.local/01014.jpg,1,978-0-223-28837-9,39
1015,El Corazon en legado,"Una reflexion sobre la sociedad contemporanea contada con maestria. Una trama envolvente que mezcla drama, misterio y superacion personal.",https://covers.biblioteca.local/01015.jpg,1,978-1-4197-5466-1,40
1016,Corazon infinito,Una historia que atrapa desde la primera pagina. La narracion se despliega entre distintos escenarios y epocas.,https://covers.biblioteca.local/01016.jpg,4,978-1-66204-719-0,21
1017,La cronicas y el secreto 9,Un texto imprescindible para comprender las tensiones de su tiempo. Un clasico recomendado para lectores de todas las edades. Un relato profundo sobre las relaciones humanas y el paso del tiempo.,https://covers.biblioteca.local/01017.jpg,1,978-0-940970-52-6,23
1018,Umbral eterno,Los personajes enfrentan decisiones que cambiaran su destino para siempre. Un clasico recomendado para lectores de todas las edades. Un viaje narrativo que combina emocion e intriga en cada capitulo.,https://covers.biblioteca.local/01018.jpg,1,978-1-4025-8835-8,10
1019,El Castillo y el rio,"La narracion se despliega entre distintos escenarios y epocas. Considerada una de las obras mas influyentes de su genero. Una trama envolvente que mezcla drama, misterio y superacion personal.",https://covers.biblioteca.local/01019.jpg,2,978-0-225-95724-2,11
1020,Dorado Viaje 4,Un relato profundo sobre las relaciones humanas y el paso del tiempo. El autor construye un mundo lleno de detalles y matices inolvidables.,https://covers.biblioteca.local/01020.jpg,2,978-1-176-79298-2,2
1021,La secreto tras sueno 9,"La narracion se despliega entre distintos escenarios y epocas. La obra explora temas de identidad, perdida y esperanza.",https://covers.biblioteca.local/01021.jpg,2,978-0-599-59961-1,35
1022,Rio profundo,Un clasico recomendado para lectores de todas las edades. Un texto imprescindible para comprender las tensiones de su tiempo.,https://covers.biblioteca.local/01022.jpg,2,978-0-231-17753-5,5
1023,La horizonte tras horizonte,Un viaje narrativo que combina emocion e intriga en cada capitulo. Un texto imprescindible para comprender las tensiones de su tiempo. Los personajes enfrentan decisiones que cambiaran su destino para siempre.,https://covers.biblioteca.local/01023.jpg,1,978-0-266-10941-9,8
1024,La mar del bosque 7,Una reflexion sobre la sociedad contemporanea contada con maestria. El autor construye un mundo lleno de detalles y matices inolvidables.,https://covers.biblioteca.local/01024.jpg,2,978-0-7590-2517-2,37
1025,El Espejo de mar,El autor construye un mundo lleno de detalles y matices inolvidables. Un texto imprescindible para comprender las tensiones de su tiempo.,https://covers.biblioteca.local/01025.jpg,3,978-0-9833477-4-3,21
1026,La cronicas del corazon,Un relato profundo sobre las relaciones humanas y el paso del tiempo. El autor construye un mundo lleno de detalles y matices inolvidables.,https://covers.biblioteca.local/01026.jpg,4,978-0-268-31901-4,1
1027,La secreto y el cronicas 9,Un clasico recomendado para lectores de todas las edades. Los personajes enfrentan decisiones que cambiaran su destino para siempre.,https://covers.biblioteca.local/01027.jpg,1,978-0-205-69815-8,10
1028,El Desierto en espejo,Los personajes enfrentan decisiones que cambiaran su destino para siempre. Un clasico recomendado para lectores de todas las edades.,https://covers.biblioteca.local/01028.jpg,2,978-1-339-78559-2,31
1029,Prohibido Espejo,"Una historia que atrapa desde la primera pagina. Una reflexion sobre la sociedad contemporanea contada con maestria. La obra explora temas de identidad, perdida y esperanza.",https://covers.biblioteca.local/01029.jpg,1,978-0-7661-9128-0,14
1030,Horizonte lejano 4,Considerada una de las obras mas influyentes de su genero. El autor construye un mundo lleno de detalles y matices inolvidables.,https://covers.biblioteca.local/01030.jpg,2,978-0-17-309850-9,22
1031,La horizonte y el rio 6,Un texto imprescindible para comprender las tensiones de su tiempo. Un viaje narrativo que combina emocion e intriga en cada capitulo. Considerada una de las obras mas influyentes de su genero.,https://covers.biblioteca.local/01031.jpg,2,978-1-4651-2418-0,26
1032,El Legado en destino 4,"Una trama envolvente que mezcla drama, misterio y superacion personal. Un texto imprescindible para comprender las tensiones de su tiempo.",https://covers.biblioteca.local/01032.jpg,1,978-1-69081-974-5,19
1033,Ultimo Puente 3,El autor construye un mundo lleno de detalles y matices inolvidables. Un texto imprescindible para comprender las tensiones de su tiempo.,https://covers.biblioteca.local/01033.jpg,4,978-0-564-35023-0,11
1034,El Bosque en umbral,Una historia que atrapa desde la primera pagina. Un relato profundo sobre las relaciones humanas y el paso del tiempo.,https://covers.biblioteca.local/01034.jpg,5,978-0-371-99051-3,33
1035,La mar y el castillo,Un viaje narrativo que combina emocion e intriga en cada capitulo. Una historia que atrapa desde la primera pagina. Un relato profundo sobre las relaciones humanas y el paso del tiempo.,https://covers.biblioteca.local/01035.jpg,1,978-0-87240-107-5,16
1036,Salvaje Legado 3,La narracion se despliega entre distintos escenarios y epocas. El autor construye un mundo lleno de detalles y matices inolvidables. Los personajes enfrentan decisiones que cambiaran su destino para siempre.,https://covers.biblioteca.local/01036.jpg,2,978-1-67430-003-0,29
1037,La jardin de bosque,"Un relato profundo sobre las relaciones humanas y el paso del tiempo. Una trama envolvente que mezcla drama, misterio y superacion personal.",https://covers.biblioteca.local/01037.jpg,1,978-0-87066-266-9,33
1038,Ultimo Mar,Los personajes enfrentan decisiones que cambiaran su destino para siempre. Un relato profundo sobre las relaciones humanas y el paso del tiempo. Un clasico recomendado para lectores de todas las edades.,https://covers.biblioteca.local/01038.jpg,1,978-0-7195-5356-1,12
1039,Umbral infinito,"Un clasico recomendado para lectores de todas las edades. La obra explora temas de identidad, perdida y esperanza. Un relato profundo sobre las relaciones humanas y el paso del tiempo.",https://covers.biblioteca.local/01039.jpg,3,978-0-319-03689-1,21
1040,El Legado sin reino,Un texto imprescindible para comprender las tensiones de su tiempo. Una historia que atrapa desde la primera pagina. El autor construye un mundo lleno de detalles y matices inolvidables.,https://covers.biblioteca.local/01040.jpg,3,978-0-301-02724-1,36
1041,El Viaje tras bosque 4,Una historia que atrapa desde la primera pagina. Considerada una de las obras mas influyentes de su genero.,https://covers.biblioteca.local/01041.jpg,1,978-1-59342-967-6,29
1042,La bosque de castillo,"La narracion se despliega entre distintos escenarios y epocas. La obra explora temas de identidad, perdida y esperanza.",https://covers.biblioteca.local/01042.jpg,2,978-0-14-837537-6,6
1043,La camino de bosque,"Una reflexion sobre la sociedad contemporanea contada con maestria. Considerada una de las obras mas influyentes de su genero. La obra explora temas de identidad, perdida y esperanza.",https://covers.biblioteca.local/01043.jpg,4,978-1-84384-588-1,28
1044,El Secreto en camino,"La narracion se despliega entre distintos escenarios y epocas. Considerada una de las obras mas influyentes de su genero. Una trama envolvente que mezcla drama, misterio y superacion personal.",https://covers.biblioteca.local/01044.jpg,2,978-0-569-74132-3,9
1045,Legado profundo,Un clasico recomendado para lectores de todas las edades. Considerada una de las obras mas influyentes de su genero. La narracion se despliega entre distintos escenarios y epocas.,https://covers.biblioteca.local/01045.jpg,5,978-1-83152-037-0,14
1046,El Viaje del espejo 5,Un clasico recomendado para lectores de todas las edades. Considerada una de las obras mas influyentes de su genero.,https://covers.biblioteca.local/01046.jpg,2,978-0-07-044964-0,14
1047,Rio invisible 6,"La narracion se despliega entre distintos escenarios y epocas. La obra explora temas de identidad, perdida y esperanza. El autor construye un mundo lleno de detalles y matices inolvidables.",https://covers.biblioteca.local/01047.jpg,2,978-0-496-70667-9,30
1048,El Sueno tras silencio,Considerada una de las obras mas influyentes de su genero. Un viaje narrativo que combina emocion e intriga en cada capitulo.,https://covers.biblioteca.local/01048.jpg,2,978-0-362-68040-9,5
1049,La fuego tras fuego,Un texto imprescindible para comprender las tensiones de su tiempo. Una reflexion sobre la sociedad contemporanea contada con maestria.,https://covers.biblioteca.local/01049.jpg,5,978-0-9549305-9-2,37
1050,Infinito Castillo,El autor construye un mundo lleno de detalles y matices inolvidables. Un texto imprescindible para comprender las tensiones de su tiempo. Una historia que atrapa desde la primera pagina.,https://covers.biblioteca.local/01050.jpg,1,978-1-01-864876-7,39
1051,El Cielo de cronicas 8,Una reflexion sobre la sociedad contemporanea contada con maestria. La narracion se despliega entre distintos escenarios y epocas.,https://covers.biblioteca.local/01051.jpg,2,978-0-673-20441-7,6
1052,La laberinto en castillo,Los personajes enfrentan decisiones que cambiaran su destino para siempre. Una historia que atrapa desde la primera pagina.,https://covers.biblioteca.local/01052.jpg,1,978-1-59609-454-3,7
1053,Secreto salvaje,"Un relato profundo sobre las relaciones humanas y el paso del tiempo. La obra explora temas de identidad, perdida y esperanza.",https://covers.biblioteca.local/01053.jpg,3,978-0-14-954277-7,34
1054,La mar y el bosque,Un texto imprescindible para comprender las tensiones de su tiempo. Un clasico recomendado para lectores de todas las edades. Los personajes enfrentan decisiones que cambiaran su destino para siempre.,https://covers.biblioteca.local/01054.jpg,1,978-1-07-057836-1,36
1055,La desierto de camino,Una reflexion sobre la sociedad contemporanea contada con maestria. El autor construye un mundo lleno de detalles y matices inolvidables.,https://covers.biblioteca.local/01055.jpg,3,978-0-498-51724-2,12
1056,La cronicas sin cielo,"Una trama envolvente que mezcla drama, misterio y superacion personal. Un clasico recomendado para lectores de todas las edades. La obra explora temas de identidad, perdida y esperanza.",https://covers.biblioteca.local/01056.jpg,4,978-1-72322-903-9,17
1057,El Cronicas sin legado,"La narracion se despliega entre distintos escenarios y epocas. La obra explora temas de identidad, perdida y esperanza.",https://covers.biblioteca.local/01057.jpg,1,978-0-287-95083-0,10
1058,Mar invisible,Un texto imprescindible para comprender las tensiones de su tiempo. La narracion se despliega entre distintos escenarios y epocas.,https://covers.biblioteca.local/01058.jpg,2,978-1-4058-0935-1,24
1059,Infinito Legado,"La obra explora temas de identidad, perdida y esperanza. Una trama envolvente que mezcla drama, misterio y superacion personal. Una reflexion sobre la sociedad contemporanea contada con maestria.",https://covers.biblioteca.local/01059.jpg,1,978-0-87181-335-0,30
1060,La sueno y el corazon,Los personajes enfrentan decisiones que cambiaran su destino para siempre. La narracion se despliega entre distintos escenarios y epocas.,https://covers.biblioteca.local/01060.jpg,1,978-1-164-20595-1,6
1061,La silencio en rio,Un relato profundo sobre las relaciones humanas y el paso del tiempo. Un viaje narrativo que combina emocion e intriga en cada capitulo.,https://covers.biblioteca.local/01061.jpg,2,978-1-57490-250-1,6
1062,Oscuro Rio,"Considerada una de las obras mas influyentes de su genero. Una trama envolvente que mezcla drama, misterio y superacion personal. Una historia que atrapa desde la primera pagina.",https://covers.biblioteca.local/01062.jpg,2,978-0-901935-88-5,28
1063,Prohibido Umbral,El autor construye un mundo lleno de detalles y matices inolvidables. Una historia que atrapa desde la primera pagina.,https://covers.biblioteca.local/01063.jpg,1,978-0-690-26113-4,40
1064,Legado antiguo 5,"Un clasico recomendado para lectores de todas las edades. Una trama envolvente que mezcla drama, misterio y superacion personal.",https://covers.biblioteca.local/01064.jpg,2,978-0-8097-8875-0,11
1065,La castillo sin puente 2,"Una trama envolvente que mezcla drama, misterio y superacion personal. El autor construye un mundo lleno de detalles y matices inolvidables. La obra explora temas de identidad, perdida y esperanza.",https://covers.biblioteca.local/01065.jpg,1,978-0-943535-37-1,24
1066,El Laberinto tras secreto,Los personajes enfrentan decisiones que cambiaran su destino para siempre. Un texto imprescindible para comprender las tensiones de su tiempo.,https://covers.biblioteca.local/01066.jpg,1,978-0-376-51588-9,31
1067,La sueno del jardin,Un viaje narrativo que combina emocion e intriga en cada capitulo. Los personajes enfrentan decisiones que cambiaran su destino para siempre. Considerada una de las obras mas influyentes de su genero.,https://covers.biblioteca.local/01067.jpg,3,978-1-79376-392-1,3
1068,Desierto prohibido,Una reflexion sobre la sociedad contemporanea contada con maestria. Una historia que atrapa desde la primera pagina.,https://covers.biblioteca.local/01068.jpg,4,978-1-929445-51-6,40
1069,La bosque de puente 4,Una reflexion sobre la sociedad contemporanea contada con maestria. Una historia que atrapa desde la primera pagina. Un relato profundo sobre las relaciones humanas y el paso del tiempo.,https://covers.biblioteca.local/01069.jpg,2,978-1-68297-327-1,28
1070,Infinito Bosque 9,"La obra explora temas de identidad, perdida y esperanza. La narracion se despliega entre distintos escenarios y epocas.",https://covers.biblioteca.local/01070.jpg,2,978-0-16-487120-3,17
1071,La espejo en silencio 4,"Un relato profundo sobre las relaciones humanas y el paso del tiempo. Una trama envolvente que mezcla drama, misterio y superacion personal. La narracion se despliega entre distintos escenarios y epocas.",https://covers.biblioteca.local/01071.jpg,1,978-0-212-88665-4,11
1072,Antiguo Silencio,Una reflexion sobre la sociedad contemporanea contada con maestria. Un viaje narrativo que combina emocion e intriga en cada capitulo.,https://covers.biblioteca.local/01072.jpg,5,978-1-83415-599-9,8
1073,Lejano Camino,El autor construye un mundo lleno de detalles y matices inolvidables. Un texto imprescindible para comprender las tensiones de su tiempo.,https://covers.biblioteca.local/01073.jpg,5,978-0-15-767647-1,22
1074,El Reino tras viaje,La narracion se despliega entre distintos escenarios y epocas. Los personajes enfrentan decisiones que cambiaran su destino para siempre. Un relato profundo sobre las relaciones humanas y el paso del tiempo.,https://covers.biblioteca.local/01074.jpg,3,978-0-9812099-5-1,27
1075,Cielo prohibido,Una reflexion sobre la sociedad contemporanea contada con maestria. El autor construye un mundo lleno de detalles y matices inolvidables.,https://covers.biblioteca.local/01075.jpg,4,978-1-57289-413-6,33
1076,El Jardin del castillo 7,La narracion se despliega entre distintos escenarios y epocas. Un viaje narrativo que combina emocion e intriga en cada capitulo.,https://covers.biblioteca.local/01076.jpg,4,978-1-5098-8986-0,4
1077,La silencio sin jardin,"Una trama envolvente que mezcla drama, misterio y superacion personal. Los personajes enfrentan decisiones que cambiaran su destino para siempre. La narracion se despliega entre distintos escenarios y epocas.",https://covers.biblioteca.local/01077.jpg,1,978-1-65220-368-1,32
1078,El Silencio del desierto,Un texto imprescindible para comprender las tensiones de su tiempo. Considerada una de las obras mas influyentes de su genero.,https://covers.biblioteca.local/01078.jpg,1,978-1-154-21447-5,12
1079,La legado del cronicas 8,"Una trama envolvente que mezcla drama, misterio y superacion personal. Un relato profundo sobre las relaciones humanas y el paso del tiempo.",https://covers.biblioteca.local/01079.jpg,2,978-0-244-91342-7,33
1080,Dorado Bosque 4,Una historia que atrapa desde la primera pagina. Los personajes enfrentan decisiones que cambiaran su destino para siempre. Un viaje narrativo que combina emocion e intriga en cada capitulo.,https://covers.biblioteca.local/01080.jpg,3,978-0-88209-088-7,10
1081,El Camino y el silencio 6,Un viaje narrativo que combina emocion e intriga en cada capitulo. Una reflexion sobre la sociedad contemporanea contada con maestria.,https://covers.biblioteca.local/01081.jpg,1,978-0-7053-4967-3,28
1082,Camino sagrado,La narracion se despliega entre distintos escenarios y epocas. Una historia que atrapa desde la primera pagina. Los personajes enfrentan decisiones que cambiaran su destino para siempre.,https://covers.biblioteca.local/01082.jpg,3,978-1-4117-6741-6,8
1083,La puente en puente,Un viaje narrativo que combina emocion e intriga en cada capitulo. Una reflexion sobre la sociedad contemporanea contada con maestria. Una historia que atrapa desde la primera pagina.,https://covers.biblioteca.local/01083.jpg,3,978-1-151-31528-1,12
1084,El Jardin de cronicas,"Un viaje narrativo que combina emocion e intriga en cada capitulo. Los personajes enfrentan decisiones que cambiaran su destino para siempre. Una trama envolvente que mezcla drama, misterio y superacion personal.",https://covers.biblioteca.local/01084.jpg,4,978-1-78150-618-9,18
1085,El Silencio del sueno,Una reflexion sobre la sociedad contemporanea contada con maestria. Un texto imprescindible para comprender las tensiones de su tiempo. Los personajes enfrentan decisiones que cambiaran su destino para siempre.,https://covers.biblioteca.local/01085.jpg,1,978-0-8003-2963-1,8
1086,El Cronicas de cronicas,Una reflexion sobre la sociedad contemporanea contada con maestria. Un texto imprescindible para comprender las tensiones de su tiempo.,https://covers.biblioteca.local/01086.jpg,1,978-1-72727-423-3,24
1087,La secreto tras sueno,Un clasico recomendado para lectores de todas las edades. El autor construye un mundo lleno de detalles y matices inolvidables.,https://covers.biblioteca.local/01087.jpg,1,978-0-06-178932-8,6
1088,El Castillo tras desierto,Una historia que atrapa desde la primera pagina. Un clasico recomendado para lectores de todas las edades.,https://covers.biblioteca.local/01088.jpg,3,978-1-4969-3578-6,13
1089,El Cielo sin laberinto 6,"Un viaje narrativo que combina emocion e intriga en cada capitulo. Considerada una de las obras mas influyentes de su genero. La obra explora temas de identidad, perdida y esperanza.",https://covers.biblioteca.local/01089.jpg,5,978-1-347-76958-4,3
1090,La cielo en puente 9,El autor construye un mundo lleno de detalles y matices inolvidables. Un relato profundo sobre las relaciones humanas y el paso del tiempo.,https://covers.biblioteca.local/01090.jpg,1,978-1-131-46753-5,31
1091,Corazon sagrado,"La obra explora temas de identidad, perdida y esperanza. Un clasico recomendado para lectores de todas las edades.",https://covers.biblioteca.local/01091.jpg,2,978-0-275-15627-5,18
1092,El Legado del horizonte 9,"La obra explora temas de identidad, perdida y esperanza. Una trama envolvente que mezcla drama, misterio y superacion personal.",https://covers.biblioteca.local/01092.jpg,3,978-1-304-48360-7,33
1093,Cielo salvaje,Un clasico recomendado para lectores de todas las edades. Los personajes enfrentan decisiones que cambiaran su destino para siempre. Un viaje narrativo que combina emocion e intriga en cada capitulo.,https://covers.biblioteca.local/01093.jpg,3,978-1-56676-640-1,12
1094,El Reino sin viaje,"Considerada una de las obras mas influyentes de su genero. Una trama envolvente que mezcla drama, misterio y superacion personal.",https://covers.biblioteca.local/01094.jpg,3,978-1-350-47639-4,33
1095,La espejo del espejo,"Considerada una de las obras mas influyentes de su genero. Un relato profundo sobre las relaciones humanas y el paso del tiempo. La obra explora temas de identidad, perdida y esperanza.",https://covers.biblioteca.local/01095.jpg,2,978-0-19-952980-3,15
1096,El Cielo del espejo,"La narracion se despliega entre distintos escenarios y epocas. La obra explora temas de identidad, perdida y esperanza.",https://covers.biblioteca.local/01096.jpg,5,978-1-155-81083-6,18
1097,Invisible Camino,Un viaje narrativo que combina emocion e intriga en cada capitulo. Considerada una de las obras mas influyentes de su genero.,https://covers.biblioteca.local/01097.jpg,4,978-0-286-34255-1,8
1098,El Fuego en fuego,Una reflexion sobre la sociedad contemporanea contada con maestria. Un relato profundo sobre las relaciones humanas y el paso del tiempo. Considerada una de las obras mas influyentes de su genero.,https://covers.biblioteca.local/01098.jpg,3,978-0-8300-0818-6,17
1099,La laberinto de fuego 2,"Un viaje narrativo que combina emocion e intriga en cada capitulo. Los personajes enfrentan decisiones que cambiaran su destino para siempre. La obra explora temas de identidad, perdida y esperanza.",https://covers.biblioteca.local/01099.jpg,1,978-1-02-440330-5,17
1100,El Cielo tras mar,Un texto imprescindible para comprender las tensiones de su tiempo. El autor construye un mundo lleno de detalles y matices inolvidables.,https://covers.biblioteca.local/01100.jpg,1,978-0-662-41118-5,17
1101,La sueno del mar 8,"Una trama envolvente que mezcla drama, misterio y superacion personal. Un viaje narrativo que combina emocion e intriga en cada capitulo.",https://covers.biblioteca.local/01101.jpg,1,978-0-08-921963-0,28
1102,Reino escondido 4,Un viaje narrativo que combina emocion e intriga en cada capitulo. Un clasico recomendado para lectores de todas las edades.,https://covers.biblioteca.local/01102.jpg,1,978-1-68044-731-6,32
1103,Lejano Jardin,"La obra explora temas de identidad, perdida y esperanza. Un texto imprescindible para comprender las tensiones de su tiempo. El autor construye un mundo lleno de detalles y matices inolvidables.",https://covers.biblioteca.local/01103.jpg,1,978-1-64613-684-1,39
1104,Secreto Castillo,El autor construye un mundo lleno de detalles y matices inolvidables. Un viaje narrativo que combina emocion e intriga en cada capitulo.,https://covers.biblioteca.local/01104.jpg,1,978-1-883607-65-4,30
1105,Ultimo Desierto 3,El autor construye un mundo lleno de detalles y matices inolvidables. Una historia que atrapa desde la primera pagina. Un relato profundo sobre las relaciones humanas y el paso del tiempo.,https://covers.biblioteca.local/01105.jpg,2,978-1-390-63757-1,1
1106,El Castillo del rio,"La obra explora temas de identidad, perdida y esperanza. La narracion se despliega entre distintos escenarios y epocas. Un clasico recomendado para lectores de todas las edades.",https://covers.biblioteca.local/01106.jpg,5,978-1-5211-8237-6,1
1107,El Bosque sin laberinto,"Un viaje narrativo que combina emocion e intriga en cada capitulo. La obra explora temas de identidad, perdida y esperanza.",https://covers.biblioteca.local/01107.jpg,1,978-0-269-78930-4,31
1108,La umbral del secreto 2,La narracion se despliega entre distintos escenarios y epocas. Considerada una de las obras mas influyentes de su genero. Un relato profundo sobre las relaciones humanas y el paso del tiempo.,https://covers.biblioteca.local/01108.jpg,1,978-1-64520-599-9,2
1109,El Bosque sin espejo,Considerada una de las obras mas influyentes de su genero. El autor construye un mundo lleno de detalles y matices inolvidables.,https://covers.biblioteca.local/01109.jpg,2,978-0-438-78753-7,10
1110,El Secreto de secreto,"El autor construye un mundo lleno de detalles y matices inolvidables. La obra explora temas de identidad, perdida y esperanza. Una reflexion sobre la sociedad contemporanea contada con maestria.",https://covers.biblioteca.local/01110.jpg,3,978-1-78811-616-9,19
1111,El Umbral del bosque 5,Los personajes enfrentan decisiones que cambiaran su destino para siempre. Una reflexion sobre la sociedad contemporanea contada con maestria.,https://covers.biblioteca.local/01111.jpg,3,978-0-281-23710-4,5
1112,La bosque en rio,"Un clasico recomendado para lectores de todas las edades. La obra explora temas de identidad, perdida y esperanza.",https://covers.biblioteca.local/01112.jpg,4,978-1-287-28660-8,12
1113,Infinito Castillo 6,Una reflexion sobre la sociedad contemporanea contada con maestria. Un relato profundo sobre las relaciones humanas y el paso del tiempo. Los personajes enfrentan decisiones que cambiaran su destino para siempre.,https://covers.biblioteca.local/01113.jpg,4,978-0-644-85959-2,32
1114,La sueno tras rio,"La obra explora temas de identidad, perdida y esperanza. La narracion se despliega entre distintos escenarios y epocas.",https://covers.biblioteca.local/01114.jpg,1,978-0-483-95894-4,10
1115,La castillo y el destino,Un relato profundo sobre las relaciones humanas y el paso del tiempo. Un texto imprescindible para comprender las tensiones de su tiempo. Un clasico recomendado para lectores de todas las edades.,https://covers.biblioteca.local/01115.jpg,1,978-1-352-28705-9,28
1116,La castillo de laberinto,"La obra explora temas de identidad, perdida y esperanza. El autor construye un mundo lleno de detalles y matices inolvidables.",https://covers.biblioteca.local/01116.jpg,1,978-0-271-04331-9,23
1117,La umbral y el umbral,Un clasico recomendado para lectores de todas las edades. La narracion se despliega entre distintos escenarios y epocas. Una reflexion sobre la sociedad contemporanea contada con maestria.,https://covers.biblioteca.local/01117.jpg,2,978-1-109-79215-7,9
1118,Cielo prohibido 5,Un relato profundo sobre las relaciones humanas y el paso del tiempo. Un clasico recomendado para lectores de todas las edades. El autor construye un mundo lleno de detalles y matices inolvidables.,https://covers.biblioteca.local/01118.jpg,3,978-1-03-446945-2,34
1119,Secreto Secreto,Una historia que atrapa desde la primera pagina. Un viaje narrativo que combina emocion e intriga en cada capitulo. Un texto imprescindible para comprender las tensiones de su tiempo.,https://covers.biblioteca.local/01119.jpg,2,978-1-883192-13-6,24
1120,El Puente en castillo 6,"La obra explora temas de identidad, perdida y esperanza. Considerada una de las obras mas influyentes de su genero. El autor construye un mundo lleno de detalles y matices inolvidables.",https://covers.biblioteca.local/01120.jpg,2,978-0-491-28965-8,16
1121,Eterno Legado 4,Un texto imprescindible para comprender las tensiones de su tiempo. Una historia que atrapa desde la primera pagina. El autor construye un mundo lleno de detalles y matices inolvidables.,https://covers.biblioteca.local/01121.jpg,4,978-1-320-33192-0,24
1122,El Legado de cronicas,"Una trama envolvente que mezcla drama, misterio y superacion personal. Un clasico recomendado para lectores de todas las edades.",https://covers.biblioteca.local/01122.jpg,2,978-0-7051-0287-2,11
1123,El Castillo en castillo,Un viaje narrativo que combina emocion e intriga en cada capitulo. Un relato profundo sobre las relaciones humanas y el paso del tiempo.,https://covers.biblioteca.local/01123.jpg,5,978-1-5481-3866-0,1
1124,Silencio profundo 9,Los personajes enfrentan decisiones que cambiaran su destino para siempre. Un relato profundo sobre las relaciones humanas y el paso del tiempo.,https://covers.biblioteca.local/01124.jpg,2,978-1-5485-8193-0,10
1125,El Fuego de desierto,"Considerada una de las obras mas influyentes de su genero. La obra explora temas de identidad, perdida y esperanza.",https://covers.biblioteca.local/01125.jpg,3,978-1-268-77418-6,1
1126,La mar sin espejo 5,"La obra explora temas de identidad, perdida y esperanza. Los personajes enfrentan decisiones que cambiaran su destino para siempre. Un relato profundo sobre las relaciones humanas y el paso del tiempo.",https://covers.biblioteca.local/01126.jpg,1,978-1-205-75639-8,34
1127,Castillo roto,Un clasico recomendado para lectores de todas las edades. Una historia que atrapa desde la primera pagina. Un viaje narrativo que combina emocion e intriga en cada capitulo.,https://covers.biblioteca.local/01127.jpg,3,978-1-5203-7583-0,26
1128,Umbral profundo 8,"La obra explora temas de identidad, perdida y esperanza. Una historia que atrapa desde la primera pagina. Una reflexion sobre la sociedad contemporanea contada con maestria.",https://covers.biblioteca.local/01128.jpg,1,978-1-5154-8094-5,28
1129,El Rio en desierto 7,Un viaje narrativo que combina emocion e intriga en cada capitulo. Los personajes enfrentan decisiones que cambiaran su destino para siempre.,https://covers.biblioteca.local/01129.jpg,1,978-1-76044-090-9,11
1130,El Rio del desierto,Los personajes enfrentan decisiones que cambiaran su destino para siempre. Un viaje narrativo que combina emocion e intriga en cada capitulo.,https://covers.biblioteca.local/01130.jpg,2,978-1-72781-050-9,36
1131,Oscuro Secreto,Un relato profundo sobre las relaciones humanas y el paso del tiempo. Un clasico recomendado para lectores de todas las edades. La narracion se despliega entre distintos escenarios y epocas.,https://covers.biblioteca.local/01131.jpg,3,978-0-216-10705-2,3
1132,Camino oscuro,Un relato profundo sobre las relaciones humanas y el paso del tiempo. Los personajes enfrentan decisiones que cambiaran su destino para siempre. Una historia que atrapa desde la primera pagina.,https://covers.biblioteca.local/01132.jpg,3,978-1-390-55295-9,23
1133,La horizonte sin viaje,"El autor construye un mundo lleno de detalles y matices inolvidables. Una reflexion sobre la sociedad contemporanea contada con maestria. La obra explora temas de identidad, perdida y esperanza.",https://covers.biblioteca.local/01133.jpg,3,978-1-60138-241-2,7
1134,La silencio tras corazon,"Considerada una de las obras mas influyentes de su genero. La obra explora temas de identidad, perdida y esperanza.",https://covers.biblioteca.local/01134.jpg,1,978-1-04-938620-1,2
1135,Umbral oscuro,"La obra explora temas de identidad, perdida y esperanza. Un texto imprescindible para comprender las tensiones de su tiempo. Una trama envolvente que mezcla drama, misterio y superacion personal.",https://covers.biblioteca.local/01135.jpg,2,978-1-85157-919-8,6
1136,El Legado del viaje,"Un texto imprescindible para comprender las tensiones de su tiempo. La obra explora temas de identidad, perdida y esperanza.",https://covers.biblioteca.local/01136.jpg,1,978-0-11-212590-7,33
1137,La destino del laberinto,Una reflexion sobre la sociedad contemporanea contada con maestria. Un clasico recomendado para lectores de todas las edades. El autor construye un mundo lleno de detalles y matices inolvidables.,https://covers.biblioteca.local/01137.jpg,1,978-0-357-13432-0,3
1138,El Castillo sin fuego 9,"Una historia que atrapa desde la primera pagina. La obra explora temas de identidad, perdida y esperanza.",https://covers.biblioteca.local/01138.jpg,2,978-0-642-42956-8,20
1139,El Umbral de destino,"La obra explora temas de identidad, perdida y esperanza. Los personajes enfrentan decisiones que cambiaran su destino para siempre. Un texto imprescindible para comprender las tensiones de su tiempo.",https://covers.biblioteca.local/01139.jpg,3,978-0-432-44741-3,5
1140,La mar en puente,"Un relato profundo sobre las relaciones humanas y el paso del tiempo. La obra explora temas de identidad, perdida y esperanza.",https://covers.biblioteca.local/01140.jpg,5,978-1-955872-09-6,30
1141,La umbral en destino,Un relato profundo sobre las relaciones humanas y el paso del tiempo. Un clasico recomendado para lectores de todas las edades.,https://covers.biblioteca.local/01141.jpg,2,978-0-89365-435-1,32
1142,El Puente en horizonte,"Un clasico recomendado para lectores de todas las edades. La narracion se despliega entre distintos escenarios y epocas. La obra explora temas de identidad, perdida y esperanza.",https://covers.biblioteca.local/01142.jpg,1,978-0-8343-7401-0,29
1143,La corazon sin laberinto,Un relato profundo sobre las relaciones humanas y el paso del tiempo. La narracion se despliega entre distintos escenarios y epocas. El autor construye un mundo lleno de detalles y matices inolvidables.,https://covers.biblioteca.local/01143.jpg,4,978-1-279-55969-7,33
1144,El Secreto tras cielo 2,Un relato profundo sobre las relaciones humanas y el paso del tiempo. Los personajes enfrentan decisiones que cambiaran su destino para siempre.,https://covers.biblioteca.local/01144.jpg,4,978-1-150-26755-0,25
1145,Salvaje Destino 3,"Una trama envolvente que mezcla drama, misterio y superacion personal. Un texto imprescindible para comprender las tensiones de su tiempo. Considerada una de las obras mas influyentes de su genero.",https://covers.biblioteca.local/01145.jpg,1,978-0-542-78207-7,30
1146,El Rio del bosque,El autor construye un mundo lleno de detalles y matices inolvidables. Un viaje narrativo que combina emocion e intriga en cada capitulo. Un texto imprescindible para comprender las tensiones de su tiempo.,https://covers.biblioteca.local/01146.jpg,2,978-1-67345-957-9,22
1147,El Laberinto en desierto,"Un viaje narrativo que combina emocion e intriga en cada capitulo. Una trama envolvente que mezcla drama, misterio y superacion personal. Un relato profundo sobre las relaciones humanas y el paso del tiempo.",https://covers.biblioteca.local/01147.jpg,2,978-1-03-816649-4,18
1148,Castillo roto 7,Un clasico recomendado para lectores de todas las edades. El autor construye un mundo lleno de detalles y matices inolvidables.,https://covers.biblioteca.local/01148.jpg,5,978-0-282-49839-9,4
1149,La silencio y el viaje,Un viaje narrativo que combina emocion e intriga en cada capitulo. Una historia que atrapa desde la primera pagina.,https://covers.biblioteca.local/01149.jpg,1,978-0-501-42576-2,28
1150,La sueno tras reino,"La obra explora temas de identidad, perdida y esperanza. Un relato profundo sobre las relaciones humanas y el paso del tiempo.",https://covers.biblioteca.local/01150.jpg,3,978-1-02-324412-1,18
1151,Rio lejano,El autor construye un mundo lleno de detalles y matices inolvidables. Considerada una de las obras mas influyentes de su genero. Un viaje narrativo que combina emocion e intriga en cada capitulo.,https://covers.biblioteca.local/01151.jpg,2,978-0-613-28507-0,17
1152,Laberinto lejano 4,Una reflexion sobre la sociedad contemporanea contada con maestria. El autor construye un mundo lleno de detalles y matices inolvidables.,https://covers.biblioteca.local/01152.jpg,2,978-1-178-63767-0,31
1153,Cielo silencioso,Una reflexion sobre la sociedad contemporanea contada con maestria. Un clasico recomendado para lectores de todas las edades. El autor construye un mundo lleno de detalles y matices inolvidables.,https://covers.biblioteca.local/01153.jpg,2,978-0-625-26546-6,1
1154,Secreto Cronicas,Una reflexion sobre la sociedad contemporanea contada con maestria. La narracion se despliega entre distintos escenarios y epocas.,https://covers.biblioteca.local/01154.jpg,4,978-0-579-03923-6,21
1155,El Castillo y el castillo,Una reflexion sobre la sociedad contemporanea contada con maestria. Un relato profundo sobre las relaciones humanas y el paso del tiempo. El autor construye un mundo lleno de detalles y matices inolvidables.,https://covers.biblioteca.local/01155.jpg,1,978-1-58099-613-6,17
1156,El Destino del fuego,La narracion se despliega entre distintos escenarios y epocas. Un clasico recomendado para lectores de todas las edades. Un relato profundo sobre las relaciones humanas y el paso del tiempo.,https://covers.biblioteca.local/01156.jpg,3,978-1-303-46156-9,3
1157,Salvaje Viaje 7,Un viaje narrativo que combina emocion e intriga en cada capitulo. La narracion se despliega entre distintos escenarios y epocas.,https://covers.biblioteca.local/01157.jpg,2,978-1-244-67046-4,37
1158,El Puente en jardin,Los personajes enfrentan decisiones que cambiaran su destino para siempre. Considerada una de las obras mas influyentes de su genero. Un relato profundo sobre las relaciones humanas y el paso del tiempo.,https://covers.biblioteca.local/01158.jpg,1,978-0-681-71516-5,32
1159,Silencio infinito,Una reflexion sobre la sociedad contemporanea contada con maestria. Considerada una de las obras mas influyentes de su genero. El autor construye un mundo lleno de detalles y matices inolvidables.,https://covers.biblioteca.local/01159.jpg,1,978-0-529-86707-0,34
1160,La bosque del destino,"Una reflexion sobre la sociedad contemporanea contada con maestria. La obra explora temas de identidad, perdida y esperanza. Considerada una de las obras mas influyentes de su genero.",https://covers.biblioteca.local/01160.jpg,1,978-1-04-641978-0,39
1161,Infinito Horizonte,La narracion se despliega entre distintos escenarios y epocas. Un texto imprescindible para comprender las tensiones de su tiempo. El autor construye un mundo lleno de detalles y matices inolvidables.,https://covers.biblioteca.local/01161.jpg,1,978-1-58512-686-6,19
1162,El Rio de rio,Un clasico recomendado para lectores de todas las edades. El autor construye un mundo lleno de detalles y matices inolvidables.,https://covers.biblioteca.local/01162.jpg,4,978-0-05-943897-9,7
1163,Desierto eterno,Considerada una de las obras mas influyentes de su genero. Un clasico recomendado para lectores de todas las edades. Una historia que atrapa desde la primera pagina.,https://covers.biblioteca.local/01163.jpg,3,978-0-7401-7750-7,19
1164,Viaje dorado,Considerada una de las obras mas influyentes de su genero. El autor construye un mundo lleno de detalles y matices inolvidables. Un relato profundo sobre las relaciones humanas y el paso del tiempo.,https://covers.biblioteca.local/01164.jpg,3,978-1-65408-424-0,13
1165,Silencio salvaje 2,Un viaje narrativo que combina emocion e intriga en cada capitulo. Considerada una de las obras mas influyentes de su genero. Los personajes enfrentan decisiones que cambiaran su destino para siempre.,https://covers.biblioteca.local/01165.jpg,2,978-1-07-540915-8,18
1166,La espejo y el cronicas,Una historia que atrapa desde la primera pagina. El autor construye un mundo lleno de detalles y matices inolvidables.,https://covers.biblioteca.local/01166.jpg,4,978-1-321-81227-5,3
1167,El Jardin del puente,"Una reflexion sobre la sociedad contemporanea contada con maestria. La obra explora temas de identidad, perdida y esperanza. Un clasico recomendado para lectores de todas las edades.",https://covers.biblioteca.local/01167.jpg,2,978-1-57938-970-3,28
1168,Camino infinito 4,"Un texto imprescindible para comprender las tensiones de su tiempo. La obra explora temas de identidad, perdida y esperanza. El autor construye un mundo lleno de detalles y matices inolvidables.",https://covers.biblioteca.local/01168.jpg,1,978-1-5029-1681-5,21
1169,El Legado del corazon 3,La narracion se despliega entre distintos escenarios y epocas. Los personajes enfrentan decisiones que cambiaran su destino para siempre. Considerada una de las obras mas influyentes de su genero.,https://covers.biblioteca.local/01169.jpg,2,978-1-66024-161-3,11
1170,El Silencio de fuego 4,Un clasico recomendado para lectores de todas las edades. Considerada una de las obras mas influyentes de su genero.,https://covers.biblioteca.local/01170.jpg,2,978-1-4988-3059-1,6
1171,Jardin perdido,La narracion se despliega entre distintos escenarios y epocas. Un texto imprescindible para comprender las tensiones de su tiempo. Una reflexion sobre la sociedad contemporanea contada con maestria.,https://covers.biblioteca.local/01171.jpg,1,978-0-642-48096-5,12
1172,Dorado Horizonte 6,Los personajes enfrentan decisiones que cambiaran su destino para siempre. Un relato profundo sobre las relaciones humanas y el paso del tiempo.,https://covers.biblioteca.local/01172.jpg,4,978-1-4063-0624-8,10
1173,El Fuego sin bosque,"Una trama envolvente que mezcla drama, misterio y superacion personal. Un clasico recomendado para lectores de todas las edades.",https://covers.biblioteca.local/01173.jpg,1,978-1-951330-53-8,8
1174,El Castillo en sueno,Un relato profundo sobre las relaciones humanas y el paso del tiempo. Un texto imprescindible para comprender las tensiones de su tiempo.,https://covers.biblioteca.local/01174.jpg,1,978-1-9796-9586-2,32
1175,La viaje y el bosque,Una historia que atrapa desde la primera pagina. El autor construye un mundo lleno de detalles y matices inolvidables. Un relato profundo sobre las relaciones humanas y el paso del tiempo.,https://covers.biblioteca.local/01175.jpg,3,978-0-555-57277-1,32
1176,El Viaje tras silencio,"Una reflexion sobre la sociedad contemporanea contada con maestria. La narracion se despliega entre distintos escenarios y epocas. Una trama envolvente que mezcla drama, misterio y superacion personal.",https://covers.biblioteca.local/01176.jpg,2,978-0-646-09178-5,11
1177,Oscuro Bosque 7,"Una trama envolvente que mezcla drama, misterio y superacion personal. Un clasico recomendado para lectores de todas las edades. La narracion se despliega entre distintos escenarios y epocas.",https://covers.biblioteca.local/01177.jpg,1,978-0-385-44577-1,35
1178,El Reino sin sueno,Un viaje narrativo que combina emocion e intriga en cada capitulo. Un clasico recomendado para lectores de todas las edades.,https://covers.biblioteca.local/01178.jpg,1,978-0-9929596-6-1,2
1179,El Corazon sin castillo,Una reflexion sobre la sociedad contemporanea contada con maestria. Un relato profundo sobre las relaciones humanas y el paso del tiempo.,https://covers.biblioteca.local/01179.jpg,1,978-1-873682-69-2,14
1180,El Laberinto del secreto,"Un texto imprescindible para comprender las tensiones de su tiempo. La obra explora temas de identidad, perdida y esperanza.",https://covers.biblioteca.local/01180.jpg,1,978-0-633-19422-2,18
1181,La umbral del rio,Un texto imprescindible para comprender las tensiones de su tiempo. Considerada una de las obras mas influyentes de su genero. Los personajes enfrentan decisiones que cambiaran su destino para siempre.,https://covers.biblioteca.local/01181.jpg,1,978-1-5369-4551-5,30
1182,Viaje invisible 4,La narracion se despliega entre distintos escenarios y epocas. Los personajes enfrentan decisiones que cambiaran su destino para siempre.,https://covers.biblioteca.local/01182.jpg,1,978-1-367-74722-7,26
1183,El Mar sin espejo,"Un viaje narrativo que combina emocion e intriga en cada capitulo. Una trama envolvente que mezcla drama, misterio y superacion personal.",https://covers.biblioteca.local/01183.jpg,2,978-1-08-572169-1,28
1184,Silencio invisible,Un clasico recomendado para lectores de todas las edades. Un relato profundo sobre las relaciones humanas y el paso del tiempo. Un texto imprescindible para comprender las tensiones de su tiempo.,https://covers.biblioteca.local/01184.jpg,1,978-1-63093-299-2,25
1185,Viaje antiguo,"La narracion se despliega entre distintos escenarios y epocas. Un relato profundo sobre las relaciones humanas y el paso del tiempo. Una trama envolvente que mezcla drama, misterio y superacion personal.",https://covers.biblioteca.local/01185.jpg,1,978-1-05-932971-7,11
1186,Espejo sagrado 7,"Una historia que atrapa desde la primera pagina. Un relato profundo sobre las relaciones humanas y el paso del tiempo. La obra explora temas de identidad, perdida y esperanza.",https://covers.biblioteca.local/01186.jpg,1,978-0-9688327-5-2,21
1187,Secreto Viaje 7,"La obra explora temas de identidad, perdida y esperanza. Una reflexion sobre la sociedad contemporanea contada con maestria. Un relato profundo sobre las relaciones humanas y el paso del tiempo.",https://covers.biblioteca.local/01187.jpg,2,978-0-7352-4103-9,1
1188,La legado de legado,"Un viaje narrativo que combina emocion e intriga en cada capitulo. Una trama envolvente que mezcla drama, misterio y superacion personal. Un clasico recomendado para lectores de todas las edades.",https://covers.biblioteca.local/01188.jpg,4,978-1-397-32781-9,21
1189,Secreto Horizonte,Un clasico recomendado para lectores de todas las edades. Un viaje narrativo que combina emocion e intriga en cada capitulo. Considerada una de las obras mas influyentes de su genero.,https://covers.biblioteca.local/01189.jpg,1,978-0-371-00687-0,14
1190,El Cielo en legado,Un clasico recomendado para lectores de todas las edades. La narracion se despliega entre distintos escenarios y epocas.,https://covers.biblioteca.local/01190.jpg,4,978-0-6481980-7-9,27
1191,Laberinto profundo,Un viaje narrativo que combina emocion e intriga en cada capitulo. Una historia que atrapa desde la primera pagina.,https://covers.biblioteca.local/01191.jpg,1,978-0-460-56876-0,32
1192,Bosque eterno 9,Un clasico recomendado para lectores de todas las edades. Una reflexion sobre la sociedad contemporanea contada con maestria.,https://covers.biblioteca.local/01192.jpg,3,978-0-249-12565-8,38
1193,Secreto ultimo,Una historia que atrapa desde la primera pagina. La narracion se despliega entre distintos escenarios y epocas. Un clasico recomendado para lectores de todas las edades.,https://covers.biblioteca.local/01193.jpg,1,978-0-7341-5177-3,1
1194,Espejo perdido,Una historia que atrapa desde la primera pagina. Considerada una de las obras mas influyentes de su genero. La narracion se despliega entre distintos escenarios y epocas.,https://covers.biblioteca.local/01194.jpg,4,978-1-5475-7494-0,3
1195,La fuego de rio,Un relato profundo sobre las relaciones humanas y el paso del tiempo. El autor construye un mundo lleno de detalles y matices inolvidables. Los personajes enfrentan decisiones que cambiaran su destino para siempre.,https://covers.biblioteca.local/01195.jpg,1,978-0-284-03595-0,18
1196,La puente y el rio,"Una trama envolvente que mezcla drama, misterio y superacion personal. Un clasico recomendado para lectores de todas las edades. Una historia que atrapa desde la primera pagina.",https://covers.biblioteca.local/01196.jpg,2,978-1-294-77422-8,26
1197,La legado y el umbral,Una reflexion sobre la sociedad contemporanea contada con maestria. Un clasico recomendado para lectores de todas las edades.,https://covers.biblioteca.local/01197.jpg,1,978-1-64303-942-8,7
1198,El Secreto de jardin,Un relato profundo sobre las relaciones humanas y el paso del tiempo. Una reflexion sobre la sociedad contemporanea contada con maestria.,https://covers.biblioteca.local/01198.jpg,1,978-1-58867-925-3,28
1199,Antiguo Cielo 2,Los personajes enfrentan decisiones que cambiaran su destino para siempre. Una historia que atrapa desde la primera pagina.,https://covers.biblioteca.local/01199.jpg,1,978-1-85672-872-0,8
1200,El Espejo de sueno,Un texto imprescindible para comprender las tensiones de su tiempo. Un clasico recomendado para lectores de todas las edades. El autor construye un mundo lleno de detalles y matices inolvidables.,https://covers.biblioteca.local/01200.jpg,1,978-1-01-534332-0,18
